generation,run_0,run_1
0,490.1814404525242,447.53092823480125
1,82.92178278867864,84.74796659445342
2,10.913596604102974,16.014370859239726
3,4.070839851044219,4.187888201046158
4,2.4226935999008887,2.481072959695732
5,1.942751229420535,2.0593427603876875
6,1.942751229420535,1.9490810280281794
7,1.9343255499100345,1.9490810280281794
8,1.9291176558669079,1.9490810280281794
9,1.9291176558669079,1.9490810280281794
10,1.9279116044678464,1.9379939850734134
11,1.8621091597721535,1.9379939850734134
12,1.8140653048542403,1.9379939850734134
13,1.8140653048542403,1.8835283982431608
14,1.8140653048542403,1.8835283982431608
15,1.8140653048542403,1.7755065613721142
16,1.8140653048542403,1.7755065613721142
17,1.8140653048542403,1.7755065613721142
18,1.8140653048542403,1.7755065613721142
19,1.7624879509407023,1.7755065613721142
20,1.7301550662763698,1.7755065613721142
21,1.7301550662763698,1.7755065613721142
22,1.7301550662763698,1.7755065613721142
23,1.7301550662763698,1.7755065613721142
24,1.7301550662763698,1.7755065613721142
25,1.7301550662763698,1.7057259627773913
26,1.7301550662763698,1.7057259627773913
27,1.7301550662763698,1.7057259627773913
28,1.7301550662763698,1.7057259627773913
29,1.7301550662763698,1.5079763200726388
30,1.7301550662763698,1.5079763200726388
31,1.7301550662763698,1.5079763200726388
32,1.7301550662763698,1.5079763200726388
33,1.7301550662763698,1.5079763200726388
34,1.7301550662763698,1.5079763200726388
35,1.7301550662763698,1.5079763200726388
36,1.7301550662763698,1.5079763200726388
37,1.7301550662763698,1.5079763200726388
38,1.7301550662763698,1.5079763200726388
39,1.7301550662763698,1.5079763200726388
40,1.7301550662763698,1.5079763200726388
41,1.7301550662763698,1.5079763200726388
42,1.7301550662763698,1.5079763200726388
43,1.7301550662763698,1.5079763200726388
44,1.7301550662763698,1.5079763200726388
45,1.7301550662763698,1.5079763200726388
46,1.7301550662763698,1.5079763200726388
47,1.7301550662763698,1.5079763200726388
48,1.7301550662763698,1.5079763200726388
49,1.7301550662763698,1.5079763200726388
50,1.7301550662763698,1.5079763200726388
51,1.7301550662763698,1.5079763200726388
52,1.7301550662763698,1.5079763200726388
53,1.7301550662763698,1.5079763200726388
54,1.7301550662763698,1.5079763200726388
55,1.7301550662763698,1.5079763200726388
56,1.7301550662763698,1.5079763200726388
57,1.7075874654076881,1.5079763200726388
58,1.7075874654076881,1.5079763200726388
59,1.7075874654076881,1.5079763200726388
60,1.7075874654076881,1.5079763200726388
61,1.7075874654076881,1.5079763200726388
62,1.7075874654076881,1.5079763200726388
63,1.7075874654076881,1.5079763200726388
64,1.7075874654076881,1.5079763200726388
65,1.7075874654076881,1.5079763200726388
66,1.7075874654076881,1.5079763200726388
67,1.7075874654076881,1.5079763200726388
68,1.7063579364228625,1.5079763200726388
69,1.7063579364228625,1.5079763200726388
70,1.7063579364228625,1.5079763200726388
71,1.7063579364228625,1.5079763200726388
72,1.7063579364228625,1.5079763200726388
73,1.7063579364228625,1.5079763200726388
74,1.7063579364228625,1.5079763200726388
75,1.7063579364228625,1.5079763200726388
76,1.7063579364228625,1.5079763200726388
77,1.7063579364228625,1.5079763200726388
78,1.7063579364228625,1.5079763200726388
79,1.7063579364228625,1.5079763200726388
80,1.7063579364228625,1.5079763200726388
81,1.7063579364228625,1.5079763200726388
82,1.7063579364228625,1.5079763200726388
83,1.7063579364228625,1.5079763200726388
84,1.7063579364228625,1.5079763200726388
85,1.7063579364228625,1.5079763200726388
86,1.7063579364228625,1.5079763200726388
87,1.6617815961687161,1.5079763200726388
88,1.6617815961687161,1.5079763200726388
89,1.6617815961687161,1.5079763200726388
90,1.6617815961687161,1.5079763200726388
91,1.6617815961687161,1.5079763200726388
92,1.6617815961687161,1.5079763200726388
93,1.6617815961687161,1.5079763200726388
94,1.6617815961687161,1.5079763200726388
95,1.6617815961687161,1.5079763200726388
96,1.6617815961687161,1.5079763200726388
97,1.6617815961687161,1.5079763200726388
98,1.6617815961687161,1.5079763200726388
99,1.6617815961687161,1.5079763200726388
100,1.6617815961687161,1.5079763200726388
101,1.6617815961687161,1.5079763200726388
102,1.622231529939992,1.5079763200726388
103,1.622231529939992,1.5079763200726388
104,1.622231529939992,1.5079763200726388
105,1.622231529939992,1.5079763200726388
106,1.622231529939992,1.5079763200726388
107,1.622231529939992,1.5079763200726388
108,1.622231529939992,1.5079763200726388
109,1.622231529939992,1.5079763200726388
110,1.622231529939992,1.5079763200726388
111,1.622231529939992,1.5079763200726388
112,1.622231529939992,1.5079763200726388
113,1.622231529939992,1.5079763200726388
114,1.622231529939992,1.5079763200726388
115,1.622231529939992,1.5079763200726388
116,1.622231529939992,1.5079763200726388
117,1.622231529939992,1.5079763200726388
118,1.622231529939992,1.5079763200726388
119,1.622231529939992,1.5079763200726388
120,1.622231529939992,1.5079763200726388
121,1.622231529939992,1.5079763200726388
122,1.622231529939992,1.5079763200726388
123,1.622231529939992,1.5079763200726388
124,1.622231529939992,1.5079763200726388
125,1.622231529939992,1.5079763200726388
126,1.622231529939992,1.5079763200726388
127,1.622231529939992,1.5079763200726388
128,1.622231529939992,1.5079763200726388
129,1.622231529939992,1.5079763200726388
130,1.622231529939992,1.5079763200726388
131,1.622231529939992,1.5079763200726388
132,1.622231529939992,1.5079763200726388
133,1.622231529939992,1.5079763200726388
134,1.622231529939992,1.5079763200726388
135,1.622231529939992,1.5079763200726388
136,1.622231529939992,1.5079763200726388
137,1.622231529939992,1.5079763200726388
138,1.622231529939992,1.5079763200726388
139,1.622231529939992,1.5079763200726388
140,1.622231529939992,1.5079763200726388
141,1.622231529939992,1.5079763200726388
142,1.622231529939992,1.5079763200726388
143,1.622231529939992,1.5079763200726388
144,1.622231529939992,1.5079763200726388
145,1.622231529939992,1.5079763200726388
146,1.622231529939992,1.5079763200726388
147,1.622231529939992,1.5079763200726388
148,1.622231529939992,1.5079763200726388
149,1.622231529939992,1.5079763200726388
150,1.622231529939992,1.5079763200726388
151,1.622231529939992,1.5079763200726388
152,1.622231529939992,1.5079763200726388
153,1.622231529939992,1.5079763200726388
154,1.622231529939992,1.5079763200726388
155,1.622231529939992,1.5079763200726388
156,1.622231529939992,1.5079763200726388
157,1.622231529939992,1.5079763200726388
158,1.622231529939992,1.5079763200726388
159,1.622231529939992,1.5079763200726388
160,1.622231529939992,1.5079763200726388
161,1.622231529939992,1.5079763200726388
162,1.622231529939992,1.5079763200726388
163,1.622231529939992,1.5079763200726388
164,1.622231529939992,1.5079763200726388
165,1.622231529939992,1.5079763200726388
166,1.622231529939992,1.5079763200726388
167,1.622231529939992,1.5079763200726388
168,1.622231529939992,1.5079763200726388
169,1.622231529939992,1.5079763200726388
170,1.622231529939992,1.5079763200726388
171,1.622231529939992,1.5079763200726388
172,1.622231529939992,1.5079763200726388
173,1.622231529939992,1.5079763200726388
174,1.622231529939992,1.5079763200726388
175,1.622231529939992,1.5079763200726388
176,1.622231529939992,1.5079763200726388
177,1.622231529939992,1.5079763200726388
178,1.622231529939992,1.5079763200726388
179,1.611839705685201,1.5079763200726388
180,1.611839705685201,1.5079763200726388
181,1.611839705685201,1.5079763200726388
182,1.611839705685201,1.5079763200726388
183,1.611839705685201,1.5079763200726388
184,1.611839705685201,1.5079763200726388
185,1.611839705685201,1.5079763200726388
186,1.611839705685201,1.5079763200726388
187,1.611839705685201,1.5079763200726388
188,1.611839705685201,1.5079763200726388
189,1.611839705685201,1.5079763200726388
190,1.611839705685201,1.5079763200726388
191,1.611839705685201,1.5079763200726388
192,1.611839705685201,1.5079763200726388
193,1.611839705685201,1.5079763200726388
194,1.611839705685201,1.5079763200726388
195,1.611839705685201,1.5079763200726388
196,1.611839705685201,1.5079763200726388
197,1.611839705685201,1.5079763200726388
198,1.611839705685201,1.5079763200726388
199,1.611839705685201,1.5079763200726388
200,1.611839705685201,1.5079763200726388
201,1.611839705685201,1.5079763200726388
202,1.6095057753945081,1.5079763200726388
203,1.6095057753945081,1.5079763200726388
204,1.6095057753945081,1.5079763200726388
205,1.6095057753945081,1.5079763200726388
206,1.6095057753945081,1.5079763200726388
207,1.6095057753945081,1.5079763200726388
208,1.6095057753945081,1.5079763200726388
209,1.6095057753945081,1.5079763200726388
210,1.6095057753945081,1.5079763200726388
211,1.6095057753945081,1.5079763200726388
212,1.6095057753945081,1.5079763200726388
213,1.6095057753945081,1.5079763200726388
214,1.6095057753945081,1.5079763200726388
215,1.6095057753945081,1.5079763200726388
216,1.6095057753945081,1.5079763200726388
217,1.6095057753945081,1.5079763200726388
218,1.6095057753945081,1.5079763200726388
219,1.6095057753945081,1.5079763200726388
220,1.6095057753945081,1.5079763200726388
221,1.6095057753945081,1.5079763200726388
222,1.6095057753945081,1.5079763200726388
223,1.6095057753945081,1.5079763200726388
224,1.6095057753945081,1.5079763200726388
225,1.6095057753945081,1.5079763200726388
226,1.6095057753945081,1.5079763200726388
227,1.6095057753945081,1.5079763200726388
228,1.6095057753945081,1.5079763200726388
229,1.6095057753945081,1.5079763200726388
230,1.6095057753945081,1.5079763200726388
231,1.6095057753945081,1.5079763200726388
232,1.6095057753945081,1.5079763200726388
233,1.6095057753945081,1.5079763200726388
234,1.6095057753945081,1.5079763200726388
235,1.6095057753945081,1.5079763200726388
236,1.6095057753945081,1.5079763200726388
237,1.6095057753945081,1.5079763200726388
238,1.6095057753945081,1.5079763200726388
239,1.6095057753945081,1.5079763200726388
240,1.6095057753945081,1.5079763200726388
241,1.6095057753945081,1.5079763200726388
242,1.6095057753945081,1.5079763200726388
243,1.6095057753945081,1.5079763200726388
244,1.6095057753945081,1.5079763200726388
245,1.6095057753945081,1.5079763200726388
246,1.6095057753945081,1.5079763200726388
247,1.6095057753945081,1.5079763200726388
248,1.6095057753945081,1.5079763200726388
249,1.6095057753945081,1.5079763200726388
250,1.6095057753945081,1.5079763200726388
251,1.6095057753945081,1.5079763200726388
252,1.6095057753945081,1.5079763200726388
253,1.6095057753945081,1.5079763200726388
254,1.6095057753945081,1.5079763200726388
255,1.6095057753945081,1.5079763200726388
256,1.6095057753945081,1.5079763200726388
257,1.6095057753945081,1.5079763200726388
258,1.6095057753945081,1.5079763200726388
259,1.6095057753945081,1.5079763200726388
260,1.6095057753945081,1.5079763200726388
261,1.6095057753945081,1.5079763200726388
262,1.6095057753945081,1.5079763200726388
263,1.6095057753945081,1.5079763200726388
264,1.6095057753945081,1.5079763200726388
265,1.6095057753945081,1.5079763200726388
266,1.6095057753945081,1.5079763200726388
267,1.6095057753945081,1.5079763200726388
268,1.6095057753945081,1.5079763200726388
269,1.6095057753945081,1.5079763200726388
270,1.6095057753945081,1.5079763200726388
271,1.6095057753945081,1.5079763200726388
272,1.6095057753945081,1.5079763200726388
273,1.5377300925626045,1.5079763200726388
274,1.5377300925626045,1.5079763200726388
275,1.5377300925626045,1.5079763200726388
276,1.5377300925626045,1.5079763200726388
277,1.5377300925626045,1.5079763200726388
278,1.5377300925626045,1.5079763200726388
279,1.5377300925626045,1.5079763200726388
280,1.5377300925626045,1.5079763200726388
281,1.5377300925626045,1.5079763200726388
282,1.5377300925626045,1.5079763200726388
283,1.5377300925626045,1.5079763200726388
284,1.5377300925626045,1.5079763200726388
285,1.5377300925626045,1.5079763200726388
286,1.5377300925626045,1.5079763200726388
287,1.5377300925626045,1.5079763200726388
288,1.5377300925626045,1.5079763200726388
289,1.5377300925626045,1.5079763200726388
290,1.5377300925626045,1.5079763200726388
291,1.5377300925626045,1.5079763200726388
292,1.5377300925626045,1.5079763200726388
293,1.5377300925626045,1.5079763200726388
294,1.5377300925626045,1.5079763200726388
295,1.5377300925626045,1.5079763200726388
296,1.5377300925626045,1.5079763200726388
297,1.5377300925626045,1.5079763200726388
298,1.5377300925626045,1.5079763200726388
299,1.5377300925626045,1.5079763200726388
300,1.5377300925626045,1.5079763200726388
301,1.5377300925626045,1.5079763200726388
302,1.5377300925626045,1.5079763200726388
303,1.5377300925626045,1.5079763200726388
304,1.5377300925626045,1.5079763200726388
305,1.5377300925626045,1.5079763200726388
306,1.5377300925626045,1.5079763200726388
307,1.5377300925626045,1.5079763200726388
308,1.5377300925626045,1.5079763200726388
309,1.5377300925626045,1.5079763200726388
310,1.5377300925626045,1.5079763200726388
311,1.5377300925626045,1.5079763200726388
312,1.5377300925626045,1.5079763200726388
313,1.5377300925626045,1.5079763200726388
314,1.5377300925626045,1.5079763200726388
315,1.5377300925626045,1.5079763200726388
316,1.5377300925626045,1.5079763200726388
317,1.5377300925626045,1.5079763200726388
318,1.5377300925626045,1.5079763200726388
319,1.5377300925626045,1.5079763200726388
320,1.5377300925626045,1.5079763200726388
321,1.5377300925626045,1.5079763200726388
322,1.5377300925626045,1.5079763200726388
323,1.5377300925626045,1.5079763200726388
324,1.5377300925626045,1.5079763200726388
325,1.5377300925626045,1.5079763200726388
326,1.5377300925626045,1.5079763200726388
327,1.5377300925626045,1.5079763200726388
328,1.5377300925626045,1.5079763200726388
329,1.5377300925626045,1.5079763200726388
330,1.5377300925626045,1.5079763200726388
331,1.5377300925626045,1.5079763200726388
332,1.5377300925626045,1.5079763200726388
333,1.5377300925626045,1.5079763200726388
334,1.5377300925626045,1.5079763200726388
335,1.5377300925626045,1.5079763200726388
336,1.5377300925626045,1.5079763200726388
337,1.5377300925626045,1.5079763200726388
338,1.5377300925626045,1.5079763200726388
339,1.5377300925626045,1.5079763200726388
340,1.5377300925626045,1.5079763200726388
341,1.5377300925626045,1.5079763200726388
342,1.5377300925626045,1.5079763200726388
343,1.5377300925626045,1.5079763200726388
344,1.5377300925626045,1.5079763200726388
345,1.5377300925626045,1.5079763200726388
346,1.5377300925626045,1.5079763200726388
347,1.5377300925626045,1.5079763200726388
348,1.5377300925626045,1.5079763200726388
349,1.5377300925626045,1.5079763200726388
350,1.5377300925626045,1.5079763200726388
351,1.5377300925626045,1.5079763200726388
352,1.5377300925626045,1.5079763200726388
353,1.5377300925626045,1.5079763200726388
354,1.5377300925626045,1.5079763200726388
355,1.5377300925626045,1.5079763200726388
356,1.5377300925626045,1.5079763200726388
357,1.5377300925626045,1.5079763200726388
358,1.5377300925626045,1.5079763200726388
359,1.5377300925626045,1.5079763200726388
360,1.5377300925626045,1.5079763200726388
361,1.5377300925626045,1.5079763200726388
362,1.5377300925626045,1.5079763200726388
363,1.5377300925626045,1.5079763200726388
364,1.5377300925626045,1.5079763200726388
365,1.5377300925626045,1.5079763200726388
366,1.5377300925626045,1.5079763200726388
367,1.5377300925626045,1.5079763200726388
368,1.5377300925626045,1.5079763200726388
369,1.5377300925626045,1.5079763200726388
370,1.5377300925626045,1.5079763200726388
371,1.5377300925626045,1.5079763200726388
372,1.5377300925626045,1.5079763200726388
373,1.5377300925626045,1.5079763200726388
374,1.5377300925626045,1.5079763200726388
375,1.5377300925626045,1.5079763200726388
376,1.5377300925626045,1.5079763200726388
377,1.5377300925626045,1.5079763200726388
378,1.5377300925626045,1.5079763200726388
379,1.5377300925626045,1.5079763200726388
380,1.5377300925626045,1.5079763200726388
381,1.5377300925626045,1.5079763200726388
382,1.5377300925626045,1.5079763200726388
383,1.5377300925626045,1.5079763200726388
384,1.5377300925626045,1.5079763200726388
385,1.5377300925626045,1.5079763200726388
386,1.5377300925626045,1.5079763200726388
387,1.5377300925626045,1.5079763200726388
388,1.5377300925626045,1.5079763200726388
389,1.5377300925626045,1.5079763200726388
390,1.5377300925626045,1.5079763200726388
391,1.5377300925626045,1.5079763200726388
392,1.5377300925626045,1.5079763200726388
393,1.5377300925626045,1.5079763200726388
394,1.5377300925626045,1.5079763200726388
395,1.5377300925626045,1.5079763200726388
396,1.5377300925626045,1.5079763200726388
397,1.5377300925626045,1.5079763200726388
398,1.5377300925626045,1.5079763200726388
399,1.5377300925626045,1.5079763200726388
400,1.5377300925626045,1.5079763200726388
401,1.5377300925626045,1.5079763200726388
402,1.5377300925626045,1.5079763200726388
403,1.5377300925626045,1.5079763200726388
404,1.5377300925626045,1.5079763200726388
405,1.5377300925626045,1.5079763200726388
406,1.5377300925626045,1.5079763200726388
407,1.5377300925626045,1.5079763200726388
408,1.5377300925626045,1.5079763200726388
409,1.5377300925626045,1.5079763200726388
410,1.5377300925626045,1.5079763200726388
411,1.5377300925626045,1.5079763200726388
412,1.5377300925626045,1.5079763200726388
413,1.5377300925626045,1.5079763200726388
414,1.5377300925626045,1.5079763200726388
415,1.5377300925626045,1.5079763200726388
416,1.5377300925626045,1.5079763200726388
417,1.5377300925626045,1.5079763200726388
418,1.5377300925626045,1.5079763200726388
419,1.5377300925626045,1.5079763200726388
420,1.5377300925626045,1.5079763200726388
421,1.5377300925626045,1.5079763200726388
422,1.5377300925626045,1.5079763200726388
423,1.5377300925626045,1.5079763200726388
424,1.5377300925626045,1.5079763200726388
425,1.5377300925626045,1.5079763200726388
426,1.5377300925626045,1.5079763200726388
427,1.5377300925626045,1.5079763200726388
428,1.5377300925626045,1.5079763200726388
429,1.5377300925626045,1.5079763200726388
430,1.5377300925626045,1.5079763200726388
431,1.5377300925626045,1.5079763200726388
432,1.5377300925626045,1.5079763200726388
433,1.5377300925626045,1.5079763200726388
434,1.5377300925626045,1.5079763200726388
435,1.5377300925626045,1.5079763200726388
436,1.5155161949221305,1.5079763200726388
437,1.5155161949221305,1.5079763200726388
438,1.5155161949221305,1.5079763200726388
439,1.5155161949221305,1.5079763200726388
440,1.5155161949221305,1.5079763200726388
441,1.5155161949221305,1.5079763200726388
442,1.5155161949221305,1.5079763200726388
443,1.5155161949221305,1.5079763200726388
444,1.5155161949221305,1.5079763200726388
445,1.5155161949221305,1.5079763200726388
446,1.5155161949221305,1.5079763200726388
447,1.5155161949221305,1.5079763200726388
448,1.5155161949221305,1.5079763200726388
449,1.5155161949221305,1.5079763200726388
450,1.5155161949221305,1.5079763200726388
451,1.5155161949221305,1.5079763200726388
452,1.5155161949221305,1.5079763200726388
453,1.5155161949221305,1.5079763200726388
454,1.5155161949221305,1.5079763200726388
455,1.5155161949221305,1.5079763200726388
456,1.5155161949221305,1.5079763200726388
457,1.5155161949221305,1.5079763200726388
458,1.5155161949221305,1.5079763200726388
459,1.5155161949221305,1.5079763200726388
460,1.5155161949221305,1.5079763200726388
461,1.5155161949221305,1.5079763200726388
462,1.5155161949221305,1.5079763200726388
463,1.5155161949221305,1.5079763200726388
464,1.5155161949221305,1.5079763200726388
465,1.5155161949221305,1.5079763200726388
466,1.5155161949221305,1.5079763200726388
467,1.5155161949221305,1.5079763200726388
468,1.5155161949221305,1.5079763200726388
469,1.5155161949221305,1.5079763200726388
470,1.5155161949221305,1.5079763200726388
471,1.5155161949221305,1.5079763200726388
472,1.5155161949221305,1.5079763200726388
473,1.5155161949221305,1.5079763200726388
474,1.5155161949221305,1.5079763200726388
475,1.5155161949221305,1.5079763200726388
476,1.5155161949221305,1.5079763200726388
477,1.5155161949221305,1.5079763200726388
478,1.5155161949221305,1.5079763200726388
479,1.5155161949221305,1.5079763200726388
480,1.5155161949221305,1.5079763200726388
481,1.5155161949221305,1.5079763200726388
482,1.5155161949221305,1.5079763200726388
483,1.5155161949221305,1.5079763200726388
484,1.5155161949221305,1.5079763200726388
485,1.5155161949221305,1.5079763200726388
486,1.5155161949221305,1.5079763200726388
487,1.5155161949221305,1.5079763200726388
488,1.5155161949221305,1.5079763200726388
489,1.5155161949221305,1.5079763200726388
490,1.5155161949221305,1.5079763200726388
491,1.5155161949221305,1.5079763200726388
492,1.5155161949221305,1.5079763200726388
493,1.5155161949221305,1.5079763200726388
494,1.5155161949221305,1.5079763200726388
495,1.5155161949221305,1.5079763200726388
496,1.5155161949221305,1.5079763200726388
497,1.5155161949221305,1.5079763200726388
498,1.5155161949221305,1.5079763200726388
499,1.5155161949221305,1.5079763200726388
500,1.5155161949221305,1.5079763200726388
501,1.5155161949221305,1.5079763200726388
502,1.5155161949221305,1.5079763200726388
503,1.5155161949221305,1.5079763200726388
504,1.5155161949221305,1.5079763200726388
505,1.5155161949221305,1.5079763200726388
506,1.5155161949221305,1.5079763200726388
507,1.5155161949221305,1.5079763200726388
508,1.5155161949221305,1.5079763200726388
509,1.5155161949221305,1.5079763200726388
510,1.5155161949221305,1.5079763200726388
511,1.5155161949221305,1.5079763200726388
512,1.5155161949221305,1.5079763200726388
513,1.5155161949221305,1.5079763200726388
514,1.5155161949221305,1.5079763200726388
515,1.5155161949221305,1.5079763200726388
516,1.5155161949221305,1.5079763200726388
517,1.5155161949221305,1.5079763200726388
518,1.5155161949221305,1.5079763200726388
519,1.5155161949221305,1.5079763200726388
520,1.5155161949221305,1.5079763200726388
521,1.5155161949221305,1.5079763200726388
522,1.5155161949221305,1.5079763200726388
523,1.5155161949221305,1.5079763200726388
524,1.5155161949221305,1.5079763200726388
525,1.5155161949221305,1.5079763200726388
526,1.5155161949221305,1.5079763200726388
527,1.5155161949221305,1.5079763200726388
528,1.5155161949221305,1.5079763200726388
529,1.5155161949221305,1.5079763200726388
530,1.5155161949221305,1.5079763200726388
531,1.5155161949221305,1.5079763200726388
532,1.5155161949221305,1.5079763200726388
533,1.5155161949221305,1.5079763200726388
534,1.5155161949221305,1.5079763200726388
535,1.5155161949221305,1.5079763200726388
536,1.5155161949221305,1.5079763200726388
537,1.5155161949221305,1.5079763200726388
538,1.5155161949221305,1.5079763200726388
539,1.5155161949221305,1.5079763200726388
540,1.5155161949221305,1.5079763200726388
541,1.5155161949221305,1.5079763200726388
542,1.5155161949221305,1.5079763200726388
543,1.5155161949221305,1.5079763200726388
544,1.5155161949221305,1.5079763200726388
545,1.5155161949221305,1.5079763200726388
546,1.5155161949221305,1.5079763200726388
547,1.5155161949221305,1.5079763200726388
548,1.5155161949221305,1.5079763200726388
549,1.5155161949221305,1.5079763200726388
550,1.5155161949221305,1.5079763200726388
551,1.5155161949221305,1.5079763200726388
552,1.5155161949221305,1.5079763200726388
553,1.5155161949221305,1.5079763200726388
554,1.5155161949221305,1.5079763200726388
555,1.5155161949221305,1.5079763200726388
556,1.5155161949221305,1.5079763200726388
557,1.5155161949221305,1.5079763200726388
558,1.5155161949221305,1.5079763200726388
559,1.5155161949221305,1.5079763200726388
560,1.5155161949221305,1.5079763200726388
561,1.5155161949221305,1.5079763200726388
562,1.5155161949221305,1.5079763200726388
563,1.5155161949221305,1.5079763200726388
564,1.5155161949221305,1.5079763200726388
565,1.5155161949221305,1.5079763200726388
566,1.5155161949221305,1.5079763200726388
567,1.5155161949221305,1.5079763200726388
568,1.5155161949221305,1.5079763200726388
569,1.5155161949221305,1.5079763200726388
570,1.5155161949221305,1.5079763200726388
571,1.5155161949221305,1.5079763200726388
572,1.5155161949221305,1.5079763200726388
573,1.5155161949221305,1.5079763200726388
574,1.5155161949221305,1.5079763200726388
575,1.5155161949221305,1.5079763200726388
576,1.5155161949221305,1.5079763200726388
577,1.5155161949221305,1.5079763200726388
578,1.5155161949221305,1.5079763200726388
579,1.5155161949221305,1.5079763200726388
580,1.5155161949221305,1.5079763200726388
581,1.5155161949221305,1.5079763200726388
582,1.5155161949221305,1.5079763200726388
583,1.5155161949221305,1.5079763200726388
584,1.5155161949221305,1.5079763200726388
585,1.5155161949221305,1.5079763200726388
586,1.5155161949221305,1.5079763200726388
587,1.5155161949221305,1.5079763200726388
588,1.5155161949221305,1.5079763200726388
589,1.5155161949221305,1.5079763200726388
590,1.5155161949221305,1.5079763200726388
591,1.5155161949221305,1.5079763200726388
592,1.5155161949221305,1.5079763200726388
593,1.5155161949221305,1.5079763200726388
594,1.5155161949221305,1.5079763200726388
595,1.5155161949221305,1.5079763200726388
596,1.5155161949221305,1.5079763200726388
597,1.5155161949221305,1.5079763200726388
598,1.5155161949221305,1.5079763200726388
599,1.5155161949221305,1.5079763200726388
600,1.5155161949221305,1.5079763200726388
601,1.5155161949221305,1.5079763200726388
602,1.5155161949221305,1.5079763200726388
603,1.5155161949221305,1.5079763200726388
604,1.5155161949221305,1.5079763200726388
605,1.5155161949221305,1.5079763200726388
606,1.5155161949221305,1.5079763200726388
607,1.5155161949221305,1.5079763200726388
608,1.5155161949221305,1.5079763200726388
609,1.5155161949221305,1.5079763200726388
610,1.5155161949221305,1.5079763200726388
611,1.5155161949221305,1.5079763200726388
612,1.5155161949221305,1.5079763200726388
613,1.5155161949221305,1.5079763200726388
614,1.5155161949221305,1.5079763200726388
615,1.5155161949221305,1.5079763200726388
616,1.5155161949221305,1.5079763200726388
617,1.5155161949221305,1.5079763200726388
618,1.5155161949221305,1.5079763200726388
619,1.5155161949221305,1.5079763200726388
620,1.5155161949221305,1.5079763200726388
621,1.5155161949221305,1.5079763200726388
622,1.5155161949221305,1.5079763200726388
623,1.5155161949221305,1.5079763200726388
624,1.5155161949221305,1.5079763200726388
625,1.5155161949221305,1.5079763200726388
626,1.5155161949221305,1.5079763200726388
627,1.5155161949221305,1.5079763200726388
628,1.5155161949221305,1.5079763200726388
629,1.5155161949221305,1.5079763200726388
630,1.5155161949221305,1.5079763200726388
631,1.5155161949221305,1.5079763200726388
632,1.5155161949221305,1.5079763200726388
633,1.5155161949221305,1.5079763200726388
634,1.5155161949221305,1.5079763200726388
635,1.5155161949221305,1.5079763200726388
636,1.5155161949221305,1.5079763200726388
637,1.5155161949221305,1.5079763200726388
638,1.5155161949221305,1.5079763200726388
639,1.5155161949221305,1.5079763200726388
640,1.5155161949221305,1.5079763200726388
641,1.5155161949221305,1.5079763200726388
642,1.5155161949221305,1.5079763200726388
643,1.5155161949221305,1.5079763200726388
644,1.5155161949221305,1.5079763200726388
645,1.5155161949221305,1.5079763200726388
646,1.5155161949221305,1.5079763200726388
647,1.5155161949221305,1.5079763200726388
648,1.5155161949221305,1.5079763200726388
649,1.5155161949221305,1.5079763200726388
650,1.5155161949221305,1.5079763200726388
651,1.5155161949221305,1.5079763200726388
652,1.5155161949221305,1.5079763200726388
653,1.5155161949221305,1.5079763200726388
654,1.5155161949221305,1.5079763200726388
655,1.5155161949221305,1.5079763200726388
656,1.5155161949221305,1.5079763200726388
657,1.5155161949221305,1.5079763200726388
658,1.5155161949221305,1.5079763200726388
659,1.5155161949221305,1.5079763200726388
660,1.5155161949221305,1.5079763200726388
661,1.5155161949221305,1.5079763200726388
662,1.5155161949221305,1.5079763200726388
663,1.5155161949221305,1.5079763200726388
664,1.5155161949221305,1.5079763200726388
665,1.5155161949221305,1.5079763200726388
666,1.5155161949221305,1.5079763200726388
667,1.5155161949221305,1.5079763200726388
668,1.5155161949221305,1.5079763200726388
669,1.5155161949221305,1.5079763200726388
670,1.5155161949221305,1.5079763200726388
671,1.5155161949221305,1.5079763200726388
672,1.5155161949221305,1.5079763200726388
673,1.5155161949221305,1.5079763200726388
674,1.5155161949221305,1.5079763200726388
675,1.5155161949221305,1.5079763200726388
676,1.5155161949221305,1.5079763200726388
677,1.5155161949221305,1.5079763200726388
678,1.5155161949221305,1.5079763200726388
679,1.5155161949221305,1.5079763200726388
680,1.5155161949221305,1.5079763200726388
681,1.5155161949221305,1.5079763200726388
682,1.5155161949221305,1.5079763200726388
683,1.5155161949221305,1.5079763200726388
684,1.5155161949221305,1.5079763200726388
685,1.5155161949221305,1.5079763200726388
686,1.5155161949221305,1.5079763200726388
687,1.5155161949221305,1.5079763200726388
688,1.5155161949221305,1.5079763200726388
689,1.5155161949221305,1.5079763200726388
690,1.5155161949221305,1.5079763200726388
691,1.5155161949221305,1.5079763200726388
692,1.5155161949221305,1.5079763200726388
693,1.5155161949221305,1.5079763200726388
694,1.5155161949221305,1.5079763200726388
695,1.5155161949221305,1.5079763200726388
696,1.5155161949221305,1.5079763200726388
697,1.5155161949221305,1.5079763200726388
698,1.5155161949221305,1.5079763200726388
699,1.5155161949221305,1.5079763200726388
700,1.5155161949221305,1.5079763200726388
701,1.5155161949221305,1.5079763200726388
702,1.5155161949221305,1.5079763200726388
703,1.5155161949221305,1.5079763200726388
704,1.5155161949221305,1.5079763200726388
705,1.5155161949221305,1.5079763200726388
706,1.5155161949221305,1.5079763200726388
707,1.5155161949221305,1.5079763200726388
708,1.5155161949221305,1.5079763200726388
709,1.5155161949221305,1.5079763200726388
710,1.5155161949221305,1.5079763200726388
711,1.5155161949221305,1.5079763200726388
712,1.5155161949221305,1.5079763200726388
713,1.5155161949221305,1.5079763200726388
714,1.5155161949221305,1.5079763200726388
715,1.5155161949221305,1.5079763200726388
716,1.5155161949221305,1.5079763200726388
717,1.5155161949221305,1.5079763200726388
718,1.5155161949221305,1.5079763200726388
719,1.5155161949221305,1.5079763200726388
720,1.5155161949221305,1.5079763200726388
721,1.5155161949221305,1.5079763200726388
722,1.5155161949221305,1.5079763200726388
723,1.5155161949221305,1.5079763200726388
724,1.5155161949221305,1.5079763200726388
725,1.5155161949221305,1.5079763200726388
726,1.5155161949221305,1.5079763200726388
727,1.5155161949221305,1.5079763200726388
728,1.5155161949221305,1.5079763200726388
729,1.5155161949221305,1.5079763200726388
730,1.5155161949221305,1.5079763200726388
731,1.5155161949221305,1.5079763200726388
732,1.5155161949221305,1.5079763200726388
733,1.5155161949221305,1.5079763200726388
734,1.5155161949221305,1.5079763200726388
735,1.5155161949221305,1.5079763200726388
736,1.5155161949221305,1.5079763200726388
737,1.5155161949221305,1.5079763200726388
738,1.5155161949221305,1.5079763200726388
739,1.5155161949221305,1.5079763200726388
740,1.5155161949221305,1.5079763200726388
741,1.5155161949221305,1.5079763200726388
742,1.5155161949221305,1.5079763200726388
743,1.5155161949221305,1.5079763200726388
744,1.5155161949221305,1.5079763200726388
745,1.5155161949221305,1.5079763200726388
746,1.5155161949221305,1.5079763200726388
747,1.5155161949221305,1.5079763200726388
748,1.5155161949221305,1.5079763200726388
749,1.5155161949221305,1.5079763200726388
750,1.5155161949221305,1.5079763200726388
751,1.5155161949221305,1.5079763200726388
752,1.5155161949221305,1.5079763200726388
753,1.5155161949221305,1.5079763200726388
754,1.5155161949221305,1.5079763200726388
755,1.5155161949221305,1.5079763200726388
756,1.5155161949221305,1.5079763200726388
757,1.5155161949221305,1.5079763200726388
758,1.5155161949221305,1.5079763200726388
759,1.5155161949221305,1.5079763200726388
760,1.5155161949221305,1.5079763200726388
761,1.5155161949221305,1.5079763200726388
762,1.5155161949221305,1.5079763200726388
763,1.5155161949221305,1.5079763200726388
764,1.5155161949221305,1.5079763200726388
765,1.5155161949221305,1.5079763200726388
766,1.5155161949221305,1.5079763200726388
767,1.5155161949221305,1.5079763200726388
768,1.5155161949221305,1.5079763200726388
769,1.5155161949221305,1.5079763200726388
770,1.5155161949221305,1.5079763200726388
771,1.5155161949221305,1.5079763200726388
772,1.5155161949221305,1.5079763200726388
773,1.5155161949221305,1.5079763200726388
774,1.5155161949221305,1.5079763200726388
775,1.5155161949221305,1.5079763200726388
776,1.5155161949221305,1.5079763200726388
777,1.5155161949221305,1.5079763200726388
778,1.5155161949221305,1.5079763200726388
779,1.5155161949221305,1.5079763200726388
780,1.5155161949221305,1.5079763200726388
781,1.5155161949221305,1.5079763200726388
782,1.5155161949221305,1.5079763200726388
783,1.5155161949221305,1.5079763200726388
784,1.5155161949221305,1.5079763200726388
785,1.5155161949221305,1.5079763200726388
786,1.5155161949221305,1.5079763200726388
787,1.5155161949221305,1.5079763200726388
788,1.5155161949221305,1.5079763200726388
789,1.5155161949221305,1.5079763200726388
790,1.5155161949221305,1.5079763200726388
791,1.5155161949221305,1.5079763200726388
792,1.5155161949221305,1.5079763200726388
793,1.5155161949221305,1.5079763200726388
794,1.5155161949221305,1.5079763200726388
795,1.5155161949221305,1.5079763200726388
796,1.5155161949221305,1.5079763200726388
797,1.5155161949221305,1.5079763200726388
798,1.5155161949221305,1.5079763200726388
799,1.5155161949221305,1.5079763200726388
800,1.5155161949221305,1.5079763200726388
801,1.5155161949221305,1.5079763200726388
802,1.5155161949221305,1.5079763200726388
803,1.5155161949221305,1.5079763200726388
804,1.5155161949221305,1.5079763200726388
805,1.5155161949221305,1.5079763200726388
806,1.5155161949221305,1.5079763200726388
807,1.5155161949221305,1.5079763200726388
808,1.5155161949221305,1.5079763200726388
809,1.5155161949221305,1.5079763200726388
810,1.5155161949221305,1.5079763200726388
811,1.5155161949221305,1.5079763200726388
812,1.5155161949221305,1.5079763200726388
813,1.5155161949221305,1.5079763200726388
814,1.5155161949221305,1.5079763200726388
815,1.5155161949221305,1.5079763200726388
816,1.5155161949221305,1.5079763200726388
817,1.5155161949221305,1.5079763200726388
818,1.5155161949221305,1.5079763200726388
819,1.5155161949221305,1.5079763200726388
820,1.5155161949221305,1.5079763200726388
821,1.5155161949221305,1.5079763200726388
822,1.5155161949221305,1.5079763200726388
823,1.5155161949221305,1.5079763200726388
824,1.5155161949221305,1.5079763200726388
825,1.5155161949221305,1.5079763200726388
826,1.5155161949221305,1.5079763200726388
827,1.5155161949221305,1.5079763200726388
828,1.5155161949221305,1.5079763200726388
829,1.5155161949221305,1.5079763200726388
830,1.5155161949221305,1.5079763200726388
831,1.5155161949221305,1.5079763200726388
832,1.5155161949221305,1.5079763200726388
833,1.4952088242186683,1.5079763200726388
834,1.4952088242186683,1.5079763200726388
835,1.4952088242186683,1.5079763200726388
836,1.4952088242186683,1.5079763200726388
837,1.4952088242186683,1.5079763200726388
838,1.4952088242186683,1.5079763200726388
839,1.4952088242186683,1.5079763200726388
840,1.4952088242186683,1.5079763200726388
841,1.4952088242186683,1.5079763200726388
842,1.4952088242186683,1.5079763200726388
843,1.4952088242186683,1.5079763200726388
844,1.4952088242186683,1.5079763200726388
845,1.4952088242186683,1.5079763200726388
846,1.4952088242186683,1.5079763200726388
847,1.4952088242186683,1.5079763200726388
848,1.4952088242186683,1.5079763200726388
849,1.4952088242186683,1.5079763200726388
850,1.4952088242186683,1.5079763200726388
851,1.4952088242186683,1.5079763200726388
852,1.4952088242186683,1.5079763200726388
853,1.4952088242186683,1.5079763200726388
854,1.4952088242186683,1.5079763200726388
855,1.4952088242186683,1.5079763200726388
856,1.4952088242186683,1.5079763200726388
857,1.4952088242186683,1.5079763200726388
858,1.4952088242186683,1.5079763200726388
859,1.4952088242186683,1.5079763200726388
860,1.4952088242186683,1.5079763200726388
861,1.4952088242186683,1.5079763200726388
862,1.4952088242186683,1.5079763200726388
863,1.4952088242186683,1.5079763200726388
864,1.4952088242186683,1.5079763200726388
865,1.4952088242186683,1.5079763200726388
866,1.4952088242186683,1.5079763200726388
867,1.4952088242186683,1.5079763200726388
868,1.4952088242186683,1.5079763200726388
869,1.4952088242186683,1.5079763200726388
870,1.4952088242186683,1.5079763200726388
871,1.4952088242186683,1.5079763200726388
872,1.4952088242186683,1.5079763200726388
873,1.4952088242186683,1.5079763200726388
874,1.4952088242186683,1.5079763200726388
875,1.4952088242186683,1.5079763200726388
876,1.4952088242186683,1.5079763200726388
877,1.4952088242186683,1.5079763200726388
878,1.4952088242186683,1.5079763200726388
879,1.4952088242186683,1.5079763200726388
880,1.4952088242186683,1.5079763200726388
881,1.4952088242186683,1.5079763200726388
882,1.4952088242186683,1.5079763200726388
883,1.4952088242186683,1.5079763200726388
884,1.4952088242186683,1.5079763200726388
885,1.4952088242186683,1.5079763200726388
886,1.4952088242186683,1.5079763200726388
887,1.4952088242186683,1.5079763200726388
888,1.4952088242186683,1.5079763200726388
889,1.4952088242186683,1.5079763200726388
890,1.4952088242186683,1.5079763200726388
891,1.4952088242186683,1.5079763200726388
892,1.4952088242186683,1.5079763200726388
893,1.4952088242186683,1.5079763200726388
894,1.4952088242186683,1.5079763200726388
895,1.4952088242186683,1.5079763200726388
896,1.4952088242186683,1.5079763200726388
897,1.4952088242186683,1.5079763200726388
898,1.4952088242186683,1.5079763200726388
899,1.4952088242186683,1.5079763200726388
900,1.4952088242186683,1.5079763200726388
901,1.4952088242186683,1.5079763200726388
902,1.4952088242186683,1.5079763200726388
903,1.4952088242186683,1.5079763200726388
904,1.4952088242186683,1.5079763200726388
905,1.4952088242186683,1.5079763200726388
906,1.4952088242186683,1.5079763200726388
907,1.4952088242186683,1.5079763200726388
908,1.4952088242186683,1.5079763200726388
909,1.4952088242186683,1.5079763200726388
910,1.4952088242186683,1.5079763200726388
911,1.4952088242186683,1.5079763200726388
912,1.4952088242186683,1.5079763200726388
913,1.4952088242186683,1.5079763200726388
914,1.4952088242186683,1.5079763200726388
915,1.4952088242186683,1.5079763200726388
916,1.4952088242186683,1.5079763200726388
917,1.4952088242186683,1.5079763200726388
918,1.4952088242186683,1.5079763200726388
919,1.4952088242186683,1.5079763200726388
920,1.4952088242186683,1.5079763200726388
921,1.4952088242186683,1.5079763200726388
922,1.4952088242186683,1.5079763200726388
923,1.4952088242186683,1.5079763200726388
924,1.4952088242186683,1.5079763200726388
925,1.4952088242186683,1.5079763200726388
926,1.4952088242186683,1.5079763200726388
927,1.4952088242186683,1.5079763200726388
928,1.4952088242186683,1.5079763200726388
929,1.4952088242186683,1.5079763200726388
930,1.4952088242186683,1.5079763200726388
931,1.4952088242186683,1.5079763200726388
932,1.4952088242186683,1.5079763200726388
933,1.4952088242186683,1.5079763200726388
934,1.4952088242186683,1.5079763200726388
935,1.4952088242186683,1.5079763200726388
936,1.4952088242186683,1.5079763200726388
937,1.4952088242186683,1.5079763200726388
938,1.4952088242186683,1.5079763200726388
939,1.4952088242186683,1.5079763200726388
940,1.4952088242186683,1.5079763200726388
941,1.4952088242186683,1.5079763200726388
942,1.4952088242186683,1.5079763200726388
943,1.4952088242186683,1.5079763200726388
944,1.4952088242186683,1.5079763200726388
945,1.4952088242186683,1.5079763200726388
946,1.4952088242186683,1.5079763200726388
947,1.4952088242186683,1.5079763200726388
948,1.4952088242186683,1.5079763200726388
949,1.4952088242186683,1.5079763200726388
950,1.4952088242186683,1.5079763200726388
951,1.4952088242186683,1.5079763200726388
952,1.4952088242186683,1.5079763200726388
953,1.4952088242186683,1.5079763200726388
954,1.4952088242186683,1.5079763200726388
955,1.4952088242186683,1.5079763200726388
956,1.4952088242186683,1.5079763200726388
957,1.4952088242186683,1.5079763200726388
958,1.4952088242186683,1.5079763200726388
959,1.4952088242186683,1.5079763200726388
960,1.4952088242186683,1.5079763200726388
961,1.4952088242186683,1.5079763200726388
962,1.4952088242186683,1.5079763200726388
963,1.4952088242186683,1.5079763200726388
964,1.4952088242186683,1.5079763200726388
965,1.4952088242186683,1.5079763200726388
966,1.4952088242186683,1.5079763200726388
967,1.4952088242186683,1.5079763200726388
968,1.4952088242186683,1.5079763200726388
969,1.4952088242186683,1.5079763200726388
970,1.4952088242186683,1.5079763200726388
971,1.4952088242186683,1.5079763200726388
972,1.4952088242186683,1.5079763200726388
973,1.4952088242186683,1.5079763200726388
974,1.4952088242186683,1.5079763200726388
975,1.4697226099372527,1.5079763200726388
976,1.4697226099372527,1.5079763200726388
977,1.4697226099372527,1.5079763200726388
978,1.4697226099372527,1.5079763200726388
979,1.4697226099372527,1.5079763200726388
980,1.4697226099372527,1.5079763200726388
981,1.4697226099372527,1.5079763200726388
982,1.4697226099372527,1.5079763200726388
983,1.4697226099372527,1.5079763200726388
984,1.4697226099372527,1.5079763200726388
985,1.4697226099372527,1.5079763200726388
986,1.4697226099372527,1.5079763200726388
987,1.4697226099372527,1.5079763200726388
988,1.4697226099372527,1.5079763200726388
989,1.4697226099372527,1.5079763200726388
990,1.4697226099372527,1.5079763200726388
991,1.4697226099372527,1.5079763200726388
992,1.4697226099372527,1.5079763200726388
993,1.4697226099372527,1.5079763200726388
994,1.4697226099372527,1.5079763200726388
995,1.4697226099372527,1.5079763200726388
996,1.4697226099372527,1.5079763200726388
997,1.4697226099372527,1.5079763200726388
998,1.4697226099372527,1.5079763200726388
999,1.4697226099372527,1.5079763200726388
