generation,run_0,run_1,run_2,run_3,run_4,run_5,run_6,run_7,run_8,run_9
0,0.0006402415687495888,0.033184253742458036,0.03776686328293649,0.06501265873230572,0.07503304391260035,0.018528701363393907,0.009718981166048524,0.05266755672996615,0.07087530324816843,0.05861710542971138
1,0.0006402415687495888,0.025092896157381972,0.03776686328293649,0.010155396819396312,0.01796905207069982,0.018528701363393907,0.009718981166048524,0.006609471693980462,0.020088694070984736,0.009980479381517193
2,0.0006402415687495888,0.014838361021197066,0.037567593436814484,0.00998866915510166,0.010286066157400076,0.009819347537174561,0.009718981166048524,0.006609471693980462,0.012898897810077692,0.009980479381517193
3,0.0006402415687495888,0.014838361021197066,0.010076005542608901,0.00998866915510166,0.005244403764175509,0.009819347537174561,0.009718981166048524,0.006609471693980462,0.009716265164730009,0.009980479381517193
4,0.0006402415687495888,0.014838361021197066,0.010076005542608901,0.00993103174942861,0.005244403764175509,0.009819347537174561,0.009718981166048524,0.006609471693980462,0.009716265164730009,0.009980479381517193
5,0.0006402415687495888,0.014838361021197066,0.010076005542608901,0.00993103174942861,0.005244403764175509,0.009819347537174561,0.009718981166048524,0.006609471693980462,0.009716265164730009,0.009980479381517193
6,0.0006402415687495888,0.009784261620021995,0.010076005542608901,0.00993103174942861,0.005244403764175509,0.009819347537174561,0.009718981166048524,0.006609471693980462,0.009716265164730009,0.009980479381517193
7,0.0006402415687495888,0.009784261620021995,0.010076005542608901,0.00993103174942861,0.005244403764175509,0.009819347537174561,0.009718981166048524,0.006609471693980462,0.009716265164730009,0.009980479381517193
8,0.0006402415687495888,0.009784261620021995,0.009800704230937873,0.00993103174942861,0.005244403764175509,0.009819347537174561,0.009718981166048524,0.006609471693980462,0.00012179784204141564,0.009980479381517193
9,0.0006402415687495888,0.009784261620021995,0.009800704230937873,2.841914574913673e-05,0.005244403764175509,0.009819347537174561,0.009718981166048524,0.006609471693980462,0.00012179784204141564,0.009980479381517193
10,0.0006402415687495888,0.009784261620021995,0.009800704230937873,2.841914574913673e-05,0.005244403764175509,0.009819347537174561,0.009716480373989977,0.006609471693980462,0.00012179784204141564,0.009717258694101782
11,0.0006402415687495888,0.009784261620021995,0.009800704230937873,2.841914574913673e-05,0.005244403764175509,0.00975103477856104,0.009716480373989977,0.006609471693980462,0.00012179784204141564,0.009717258694101782
12,0.0006402415687495888,0.00971722839933209,0.009800704230937873,2.841914574913673e-05,0.005244403764175509,0.009743131024115448,0.009716480373989977,0.006609471693980462,0.00012179784204141564,0.009717258694101782
13,0.0006402415687495888,0.00971722839933209,0.0022413277447344004,2.841914574913673e-05,0.005244403764175509,0.009743131024115448,0.009716480373989977,0.006609471693980462,0.00012179784204141564,0.009717258694101782
14,0.0006402415687495888,0.00971722839933209,0.0022413277447344004,2.841914574913673e-05,0.005244403764175509,0.009743131024115448,0.009716480373989977,0.006609471693980462,0.00012179784204141564,5.156433380049119e-05
15,0.0006402415687495888,0.00971722839933209,0.0022413277447344004,2.841914574913673e-05,0.005244403764175509,0.009721038439820806,0.009716480373989977,0.006609471693980462,0.00012179784204141564,5.156433380049119e-05
16,0.0006402415687495888,0.00971722839933209,0.0022413277447344004,2.841914574913673e-05,0.005244403764175509,0.009721038439820806,0.009716480373989977,0.0007161873555929232,0.00012179784204141564,5.156433380049119e-05
17,0.0003073261957811102,0.00971722839933209,0.0022413277447344004,2.841914574913673e-05,0.005244403764175509,0.009721038439820806,0.0057016766756982085,0.0007161873555929232,0.00012179784204141564,5.156433380049119e-05
18,0.0003073261957811102,0.009716414400687268,0.0022413277447344004,2.841914574913673e-05,0.0029329772530780063,0.009721038439820806,0.0037671245971370726,0.0005294075891204564,0.00012179784204141564,5.156433380049119e-05
19,0.0003073261957811102,0.009716414400687268,0.0022413277447344004,2.841914574913673e-05,0.0029329772530780063,0.009721038439820806,0.0037671245971370726,0.0005294075891204564,0.00012179784204141564,5.156433380049119e-05
20,0.0003073261957811102,0.00116576735233348,0.0022413277447344004,2.841914574913673e-05,0.00030001936784967986,0.009721038439820806,0.0035518544866811053,0.0005294075891204564,0.00012179784204141564,5.156433380049119e-05
21,0.0003073261957811102,0.00116576735233348,0.0021846675821656225,2.841914574913673e-05,0.00030001936784967986,0.007944346140672687,0.0006672094131324191,0.0005294075891204564,0.00012179784204141564,5.156433380049119e-05
22,0.0003073261957811102,0.00116576735233348,0.0021846675821656225,2.841914574913673e-05,0.00030001936784967986,0.0012924175579533403,0.0006672094131324191,0.0002926122182089208,0.00012179784204141564,5.156433380049119e-05
23,0.0001107352900082681,0.00116576735233348,0.0021846675821656225,2.841914574913673e-05,4.170742996950638e-05,0.0012924175579533403,0.0003212091891412472,0.0002926122182089208,0.00012179784204141564,5.156433380049119e-05
24,1.3254773021609267e-05,0.00116576735233348,0.0021846675821656225,2.841914574913673e-05,4.170742996950638e-05,0.00037832586690067505,0.0003212091891412472,0.0002293328304954767,0.00012179784204141564,5.156433380049119e-05
25,8.217660901255197e-06,0.00116576735233348,0.0005113217186896724,2.841914574913673e-05,4.170742996950638e-05,0.00037832586690067505,0.0003212091891412472,0.0002293328304954767,8.999877850174309e-05,5.156433380049119e-05
26,5.105624141854559e-06,0.00116576735233348,0.0005113217186896724,2.841914574913673e-05,4.170742996950638e-05,0.00037832586690067505,0.0003212091891412472,0.0002293328304954767,8.999877850174309e-05,5.156433380049119e-05
27,5.105624141854559e-06,0.00116576735233348,0.0005113217186896724,2.841914574913673e-05,4.170742996950638e-05,0.00037832586690067505,0.0003212091891412472,0.0002293328304954767,2.4482963573990713e-05,5.156433380049119e-05
28,9.605896796882618e-07,0.00116576735233348,0.00042043920216006114,2.0705803799314637e-06,4.170742996950638e-05,0.00037832586690067505,0.0003212091891412472,0.00010830674491585368,3.921080775792785e-06,2.1454704522971824e-06
29,2.3518434971725455e-07,0.000783596127370334,0.00042043920216006114,5.112710973476098e-07,4.170742996950638e-05,0.00037832586690067505,0.0003212091891412472,0.00010830674491585368,3.921080775792785e-06,2.1454704522971824e-06
30,1.532272487225761e-07,0.0001726001238188113,0.00042043920216006114,5.07344727229686e-07,4.170742996950638e-05,0.00013951780681065173,0.0003212091891412472,3.156414888699777e-05,3.921080775792785e-06,2.1454704522971824e-06
31,1.532272487225761e-07,0.0001726001238188113,0.000220942821771708,5.07344727229686e-07,4.170742996950638e-05,4.405919618044596e-05,0.0003165868916507053,3.156414888699777e-05,3.921080775792785e-06,2.1454704522971824e-06
32,1.532272487225761e-07,2.7857879319692636e-05,0.000220942821771708,5.07344727229686e-07,4.170742996950638e-05,4.405919618044596e-05,0.00027984552849724675,3.156414888699777e-05,2.355475301973886e-06,2.1454704522971824e-06
33,1.532272487225761e-07,2.7857879319692636e-05,1.1514062830952909e-07,5.07344727229686e-07,1.68421297986332e-05,4.405919618044596e-05,0.00027984552849724675,3.156414888699777e-05,2.355475301973886e-06,2.1454704522971824e-06
34,6.583422923478466e-08,2.7857879319692636e-05,1.1514062830952909e-07,5.07344727229686e-07,1.68421297986332e-05,4.405919618044596e-05,8.13522813785661e-05,3.156414888699777e-05,2.355475301973886e-06,7.835812987355695e-07
35,6.583422923478466e-08,2.7857879319692636e-05,1.1514062830952909e-07,5.07344727229686e-07,1.3032925637368464e-05,4.405919618044596e-05,6.807318910989624e-05,3.156414888699777e-05,2.355475301973886e-06,5.459653673600684e-08
36,6.583422923478466e-08,2.7857879319692636e-05,1.1514062830952909e-07,5.07344727229686e-07,1.0685275112110038e-05,4.405919618044596e-05,6.807318910989624e-05,1.7390579894471792e-06,2.355475301973886e-06,5.459653673600684e-08
37,6.583422923478466e-08,9.703009770434257e-06,1.1514062830952909e-07,5.07344727229686e-07,2.851262105307839e-07,1.8629012205062523e-07,6.807318910989624e-05,1.7390579894471792e-06,1.7874766670145092e-06,5.459653673600684e-08
38,6.583422923478466e-08,9.703009770434257e-06,1.1514062830952909e-07,2.711152775058956e-07,2.851262105307839e-07,1.8629012205062523e-07,2.6407997019639584e-05,3.092852385866429e-07,1.4472328341841312e-06,5.459653673600684e-08
39,6.583422923478466e-08,9.703009770434257e-06,1.1514062830952909e-07,1.351439496977136e-07,2.851262105307839e-07,1.8629012205062523e-07,2.6407997019639584e-05,3.092852385866429e-07,6.684633768738735e-08,5.459653673600684e-08
40,6.583422923478466e-08,9.703009770434257e-06,1.1514062830952909e-07,1.351439496977136e-07,2.851262105307839e-07,1.8629012205062523e-07,3.04901518127787e-06,3.092852385866429e-07,6.684633768738735e-08,5.459653673600684e-08
41,6.583422923478466e-08,7.92118947307019e-06,1.1514062830952909e-07,3.00702683309062e-08,2.851262105307839e-07,1.8629012205062523e-07,3.04901518127787e-06,3.092852385866429e-07,6.684633768738735e-08,1.4962915406702137e-08
42,9.197053119081033e-09,6.037185872331818e-07,1.1514062830952909e-07,3.00702683309062e-08,2.851262105307839e-07,1.8629012205062523e-07,3.04901518127787e-06,3.092852385866429e-07,6.684633768738735e-08,1.4962915406702137e-08
43,9.197053119081033e-09,6.037185872331818e-07,1.1514062830952909e-07,3.00702683309062e-08,1.8167254872691885e-07,5.3062859606267665e-08,3.04901518127787e-06,3.092852385866429e-07,6.684633768738735e-08,2.747002791902986e-09
44,9.197053119081033e-09,6.037185872331818e-07,8.648647603637372e-08,3.00702683309062e-08,3.424442240884673e-08,5.3062859606267665e-08,3.04901518127787e-06,3.092852385866429e-07,6.684633768738735e-08,2.747002791902986e-09
45,9.197053119081033e-09,6.037185872331818e-07,3.67850617188914e-08,3.00702683309062e-08,3.424442240884673e-08,5.3062859606267665e-08,3.04901518127787e-06,3.092852385866429e-07,7.204514762548797e-12,5.087913423906798e-11
46,8.896036574057575e-09,6.037185872331818e-07,3.67850617188914e-08,2.3864009213170334e-08,3.424442240884673e-08,5.3062859606267665e-08,3.04901518127787e-06,3.092852385866429e-07,7.204514762548797e-12,5.087913423906798e-11
47,8.896036574057575e-09,4.673790504616804e-08,3.67850617188914e-08,2.3864009213170334e-08,3.424442240884673e-08,5.3062859606267665e-08,3.04901518127787e-06,3.2306035124829435e-08,7.204514762548797e-12,5.087913423906798e-11
48,8.896036574057575e-09,4.673790504616804e-08,3.67850617188914e-08,1.0906270497823556e-08,3.424442240884673e-08,2.5053884411541105e-08,1.6592649915159186e-07,3.2306035124829435e-08,7.204514762548797e-12,5.087913423906798e-11
49,8.896036574057575e-09,4.673790504616804e-08,3.67850617188914e-08,2.3806007165561027e-10,3.424442240884673e-08,2.5053884411541105e-08,1.6592649915159186e-07,3.2306035124829435e-08,7.204514762548797e-12,5.087913423906798e-11
50,8.896036574057575e-09,4.673790504616804e-08,3.67850617188914e-08,2.3806007165561027e-10,9.722425864389095e-09,4.058927083328001e-09,1.6592649915159186e-07,5.7200454373074194e-09,7.204514762548797e-12,5.087913423906798e-11
51,8.896036574057575e-09,4.673790504616804e-08,1.5996847513299883e-08,2.3806007165561027e-10,8.286042241234526e-09,4.058927083328001e-09,1.6592649915159186e-07,3.61443669438799e-09,7.204514762548797e-12,5.087913423906798e-11
52,8.896036574057575e-09,4.382122914536879e-08,1.5996847513299883e-08,2.3806007165561027e-10,8.286042241234526e-09,4.058927083328001e-09,1.6592649915159186e-07,3.61443669438799e-09,7.204514762548797e-12,5.087913423906798e-11
53,8.61215920799907e-09,4.382122914536879e-08,1.1082861850475467e-09,2.3806007165561027e-10,1.7466372792540596e-10,2.2098755603217057e-09,1.6592649915159186e-07,2.1937201499788728e-09,7.204514762548797e-12,5.087913423906798e-11
54,6.8440233480515644e-09,1.6949888603789987e-08,1.1082861850475467e-09,2.3806007165561027e-10,1.7466372792540596e-10,2.2098755603217057e-09,1.6592649915159186e-07,2.1937201499788728e-09,7.204514762548797e-12,1.8554879854804085e-11
55,1.492949763814977e-09,1.6949888603789987e-08,5.609597231170937e-10,2.3806007165561027e-10,1.7466372792540596e-10,2.2098755603217057e-09,4.0146591218093164e-08,2.1937201499788728e-09,7.204514762548797e-12,1.8554879854804085e-11
56,1.492949763814977e-09,1.6949888603789987e-08,5.609597231170937e-10,2.3806007165561027e-10,1.7466372792540596e-10,2.2098755603217057e-09,1.01702973265283e-08,2.1937201499788728e-09,4.477973547523106e-12,3.356370736895542e-12
57,1.492949763814977e-09,1.8854521832700755e-09,5.609597231170937e-10,2.3806007165561027e-10,1.7466372792540596e-10,2.2098755603217057e-09,1.01702973265283e-08,2.1937201499788728e-09,4.477973547523106e-12,3.356370736895542e-12
58,1.492949763814977e-09,1.8854521832700755e-09,5.609597231170937e-10,2.3806007165561027e-10,1.7466372792540596e-10,1.5728769398037912e-09,1.01702973265283e-08,1.0880730205720113e-09,2.0866641747829817e-12,3.356370736895542e-12
59,8.466107259685884e-10,1.8854521832700755e-09,5.609597231170937e-10,1.1718459536069759e-11,1.7466372792540596e-10,6.805944696708366e-11,1.01702973265283e-08,7.707638971510278e-10,1.4058754160828357e-12,3.356370736895542e-12
60,8.466107259685884e-10,1.4779845125545421e-09,5.609597231170937e-10,1.1718459536069759e-11,8.411249474704618e-11,6.805944696708366e-11,1.01702973265283e-08,2.7570834504331287e-11,9.827139102469573e-13,8.08242361927114e-14
61,8.466107259685884e-10,1.4779845125545421e-09,5.609597231170937e-10,5.349720666458779e-12,5.925637758252833e-11,5.668837621541911e-11,1.01702973265283e-08,2.7570834504331287e-11,7.863709683419984e-13,8.08242361927114e-14
62,8.466107259685884e-10,1.4779845125545421e-09,1.5012829868155109e-10,5.349720666458779e-12,4.0698000525196676e-12,5.668837621541911e-11,9.034946624186802e-09,2.7570834504331287e-11,7.863709683419984e-13,8.08242361927114e-14
63,8.466107259685884e-10,1.4779845125545421e-09,1.5012829868155109e-10,5.349720666458779e-12,4.0698000525196676e-12,5.668837621541911e-11,3.6067883124601963e-09,1.9966250874858815e-12,7.863709683419984e-13,8.08242361927114e-14
64,4.1180464593892907e-10,1.4779845125545421e-09,1.5012829868155109e-10,5.349720666458779e-12,4.0698000525196676e-12,5.668837621541911e-11,3.6067883124601963e-09,1.9966250874858815e-12,7.863709683419984e-13,8.08242361927114e-14
65,4.1180464593892907e-10,1.4779845125545421e-09,5.094713539932627e-11,3.013145288832675e-12,4.0698000525196676e-12,5.668837621541911e-11,3.6067883124601963e-09,1.9966250874858815e-12,4.518607710224387e-13,8.08242361927114e-14
66,4.1180464593892907e-10,4.05618316712264e-11,5.094713539932627e-11,1.1422529588855923e-12,4.0698000525196676e-12,5.668837621541911e-11,1.3864669967666998e-09,1.9966250874858815e-12,4.518607710224387e-13,8.08242361927114e-14
67,1.2349510303266698e-11,2.5094426536753645e-11,3.6538438941136064e-11,1.1422529588855923e-12,4.0698000525196676e-12,4.883926596477295e-12,1.3864669967666998e-09,1.9966250874858815e-12,4.518607710224387e-13,8.08242361927114e-14
68,1.2349510303266698e-11,2.5094426536753645e-11,3.6538438941136064e-11,1.1422529588855923e-12,4.0698000525196676e-12,4.883926596477295e-12,1.3864669967666998e-09,1.9966250874858815e-12,4.518607710224387e-13,8.08242361927114e-14
69,1.2349510303266698e-11,2.5094426536753645e-11,3.6538438941136064e-11,1.1422529588855923e-12,4.0698000525196676e-12,4.883926596477295e-12,1.3864669967666998e-09,1.9966250874858815e-12,4.518607710224387e-13,8.08242361927114e-14
70,1.2349510303266698e-11,1.4502565814922264e-11,3.6538438941136064e-11,1.1422529588855923e-12,4.0698000525196676e-12,7.711609129046337e-13,7.378331834395624e-10,1.9966250874858815e-12,4.518607710224387e-13,6.333822355486518e-14
71,1.2349510303266698e-11,1.4502565814922264e-11,3.6538438941136064e-11,2.0872192862952943e-14,4.0698000525196676e-12,7.711609129046337e-13,5.468446806489169e-10,1.3496981310368028e-12,1.2195799925507345e-13,4.6906922790412864e-14
72,1.2349510303266698e-11,1.4502565814922264e-11,3.6538438941136064e-11,2.0872192862952943e-14,3.887501431876217e-12,7.711609129046337e-13,5.468446806489169e-10,1.3496981310368028e-12,1.2195799925507345e-13,1.3655743202889425e-14
73,4.441003120803089e-12,1.4502565814922264e-11,2.3651358649345866e-11,2.0872192862952943e-14,1.5349388426955102e-12,7.711609129046337e-13,5.468446806489169e-10,1.3496981310368028e-12,7.210898544940392e-14,7.494005416219807e-15
74,4.441003120803089e-12,1.4502565814922264e-11,2.3651358649345866e-11,2.0872192862952943e-14,4.135580766728708e-13,7.711609129046337e-13,5.468446806489169e-10,1.3496981310368028e-12,7.210898544940392e-14,1.6653345369377348e-15
75,5.622724508214105e-13,7.426004255961516e-12,2.3651358649345866e-11,2.0872192862952943e-14,4.135580766728708e-13,7.711609129046337e-13,6.621375669979557e-11,1.3496981310368028e-12,2.831068712794149e-15,1.6653345369377348e-15
76,5.622724508214105e-13,5.554445792199658e-13,1.695532603207539e-12,2.0872192862952943e-14,2.440270208126094e-13,1.8696155734687636e-13,6.621375669979557e-11,1.3496981310368028e-12,2.831068712794149e-15,8.326672684688674e-16
77,5.622724508214105e-13,5.554445792199658e-13,1.695532603207539e-12,1.0880185641326534e-14,1.3999912340523224e-13,1.8696155734687636e-13,6.621375669979557e-11,3.649858193455202e-13,2.831068712794149e-15,8.326672684688674e-16
78,5.622724508214105e-13,5.554445792199658e-13,1.4745427101559017e-12,1.0880185641326534e-14,1.3999912340523224e-13,1.8696155734687636e-13,6.621375669979557e-11,3.649858193455202e-13,2.831068712794149e-15,8.326672684688674e-16
79,5.622724508214105e-13,5.554445792199658e-13,3.402278458963792e-13,6.050715484207103e-15,9.442446824436956e-14,1.8696155734687636e-13,6.621375669979557e-11,1.0380585280245214e-14,2.831068712794149e-15,8.326672684688674e-16
80,8.837375276016246e-14,5.554445792199658e-13,3.402278458963792e-13,6.050715484207103e-15,3.68594044175552e-14,1.8696155734687636e-13,6.621375669979557e-11,1.0380585280245214e-14,2.831068712794149e-15,8.326672684688674e-16
81,8.837375276016246e-14,5.554445792199658e-13,3.402278458963792e-13,6.050715484207103e-15,3.68594044175552e-14,1.8696155734687636e-13,6.621375669979557e-11,1.0380585280245214e-14,2.831068712794149e-15,8.326672684688674e-16
82,8.837375276016246e-14,5.554445792199658e-13,3.402278458963792e-13,6.050715484207103e-15,3.68594044175552e-14,1.6042722705833512e-14,6.621375669979557e-11,1.0380585280245214e-14,2.831068712794149e-15,0.0
83,8.837375276016246e-14,5.554445792199658e-13,3.402278458963792e-13,6.050715484207103e-15,3.68594044175552e-14,1.6042722705833512e-14,6.621375669979557e-11,1.0380585280245214e-14,2.831068712794149e-15,0.0
84,8.837375276016246e-14,3.250177904590146e-13,3.402278458963792e-13,6.050715484207103e-15,3.68594044175552e-14,8.881784197001252e-15,6.621375669979557e-11,4.551914400963142e-15,2.831068712794149e-15,0.0
85,8.837375276016246e-14,1.326716514427062e-14,3.402278458963792e-13,1.3877787807814457e-15,3.68594044175552e-14,1.6653345369377348e-15,2.3887392064381174e-11,4.274358644806853e-15,1.1102230246251565e-16,0.0
86,1.1657341758564144e-15,1.326716514427062e-14,3.402278458963792e-13,2.7755575615628914e-16,4.385380947269368e-15,1.6653345369377348e-15,1.2394030246554166e-11,3.6637359812630166e-15,0.0,0.0
87,1.1657341758564144e-15,1.326716514427062e-14,3.402278458963792e-13,2.220446049250313e-16,4.385380947269368e-15,1.6653345369377348e-15,5.9489635440002075e-12,1.4432899320127035e-15,0.0,0.0
88,1.1657341758564144e-15,1.326716514427062e-14,3.2462921240039577e-13,2.220446049250313e-16,2.831068712794149e-15,5.551115123125783e-16,5.100753153186588e-12,1.4432899320127035e-15,0.0,0.0
89,1.1657341758564144e-15,1.326716514427062e-14,1.8407497748285095e-13,2.220446049250313e-16,2.831068712794149e-15,5.551115123125783e-16,8.199552148369094e-13,1.4432899320127035e-15,0.0,0.0
90,1.1657341758564144e-15,1.326716514427062e-14,2.170486013142181e-14,2.220446049250313e-16,2.831068712794149e-15,3.885780586188048e-16,2.688960165642129e-13,3.3306690738754696e-16,0.0,0.0
91,1.1657341758564144e-15,5.329070518200751e-15,1.2490009027033011e-14,2.220446049250313e-16,2.831068712794149e-15,3.885780586188048e-16,2.688960165642129e-13,3.3306690738754696e-16,0.0,0.0
92,1.1657341758564144e-15,2.275957200481571e-15,4.9404924595819466e-15,5.551115123125783e-17,2.831068712794149e-15,3.885780586188048e-16,2.688960165642129e-13,3.3306690738754696e-16,0.0,0.0
93,5.551115123125783e-17,2.275957200481571e-15,4.996003610813204e-16,5.551115123125783e-17,1.887379141862766e-15,3.885780586188048e-16,2.688960165642129e-13,3.3306690738754696e-16,0.0,0.0
94,5.551115123125783e-17,1.1102230246251565e-16,4.996003610813204e-16,5.551115123125783e-17,1.609823385706477e-15,3.885780586188048e-16,2.688960165642129e-13,3.3306690738754696e-16,0.0,0.0
95,5.551115123125783e-17,1.1102230246251565e-16,4.996003610813204e-16,0.0,1.609823385706477e-15,3.885780586188048e-16,2.688960165642129e-13,3.3306690738754696e-16,0.0,0.0
96,5.551115123125783e-17,1.1102230246251565e-16,4.996003610813204e-16,0.0,3.885780586188048e-16,5.551115123125783e-17,2.688960165642129e-13,5.551115123125783e-17,0.0,0.0
97,5.551115123125783e-17,1.1102230246251565e-16,4.996003610813204e-16,0.0,2.7755575615628914e-16,5.551115123125783e-17,2.688960165642129e-13,5.551115123125783e-17,0.0,0.0
98,5.551115123125783e-17,1.1102230246251565e-16,4.996003610813204e-16,0.0,2.7755575615628914e-16,0.0,2.688960165642129e-13,5.551115123125783e-17,0.0,0.0
99,5.551115123125783e-17,1.1102230246251565e-16,4.996003610813204e-16,0.0,1.6653345369377348e-16,0.0,1.2656542480726785e-14,5.551115123125783e-17,0.0,0.0
100,0.0,0.0,4.996003610813204e-16,0.0,0.0,0.0,1.2656542480726785e-14,5.551115123125783e-17,0.0,0.0
101,0.0,0.0,4.996003610813204e-16,0.0,0.0,0.0,1.2656542480726785e-14,5.551115123125783e-17,0.0,0.0
102,0.0,0.0,2.7755575615628914e-16,0.0,0.0,0.0,1.27675647831893e-15,0.0,0.0,0.0
103,0.0,0.0,5.551115123125783e-17,0.0,0.0,0.0,1.27675647831893e-15,0.0,0.0,0.0
104,0.0,0.0,0.0,0.0,0.0,0.0,1.27675647831893e-15,0.0,0.0,0.0
105,0.0,0.0,0.0,0.0,0.0,0.0,1.27675647831893e-15,0.0,0.0,0.0
106,0.0,0.0,0.0,0.0,0.0,0.0,2.7755575615628914e-16,0.0,0.0,0.0
107,0.0,0.0,0.0,0.0,0.0,0.0,2.7755575615628914e-16,0.0,0.0,0.0
108,0.0,0.0,0.0,0.0,0.0,0.0,2.7755575615628914e-16,0.0,0.0,0.0
109,0.0,0.0,0.0,0.0,0.0,0.0,2.7755575615628914e-16,0.0,0.0,0.0
110,0.0,0.0,0.0,0.0,0.0,0.0,2.7755575615628914e-16,0.0,0.0,0.0
111,0.0,0.0,0.0,0.0,0.0,0.0,2.220446049250313e-16,0.0,0.0,0.0
112,0.0,0.0,0.0,0.0,0.0,0.0,2.220446049250313e-16,0.0,0.0,0.0
113,0.0,0.0,0.0,0.0,0.0,0.0,2.220446049250313e-16,0.0,0.0,0.0
114,0.0,0.0,0.0,0.0,0.0,0.0,1.1102230246251565e-16,0.0,0.0,0.0
115,0.0,0.0,0.0,0.0,0.0,0.0,1.1102230246251565e-16,0.0,0.0,0.0
116,0.0,0.0,0.0,0.0,0.0,0.0,1.1102230246251565e-16,0.0,0.0,0.0
117,0.0,0.0,0.0,0.0,0.0,0.0,1.1102230246251565e-16,0.0,0.0,0.0
118,0.0,0.0,0.0,0.0,0.0,0.0,0.0,0.0,0.0,0.0
119,0.0,0.0,0.0,0.0,0.0,0.0,0.0,0.0,0.0,0.0
120,0.0,0.0,0.0,0.0,0.0,0.0,0.0,0.0,0.0,0.0
121,0.0,0.0,0.0,0.0,0.0,0.0,0.0,0.0,0.0,0.0
122,0.0,0.0,0.0,0.0,0.0,0.0,0.0,0.0,0.0,0.0
123,0.0,0.0,0.0,0.0,0.0,0.0,0.0,0.0,0.0,0.0
124,0.0,0.0,0.0,0.0,0.0,0.0,0.0,0.0,0.0,0.0
125,0.0,0.0,0.0,0.0,0.0,0.0,0.0,0.0,0.0,0.0
126,0.0,0.0,0.0,0.0,0.0,0.0,0.0,0.0,0.0,0.0
127,0.0,0.0,0.0,0.0,0.0,0.0,0.0,0.0,0.0,0.0
128,0.0,0.0,0.0,0.0,0.0,0.0,0.0,0.0,0.0,0.0
129,0.0,0.0,0.0,0.0,0.0,0.0,0.0,0.0,0.0,0.0
130,0.0,0.0,0.0,0.0,0.0,0.0,0.0,0.0,0.0,0.0
131,0.0,0.0,0.0,0.0,0.0,0.0,0.0,0.0,0.0,0.0
132,0.0,0.0,0.0,0.0,0.0,0.0,0.0,0.0,0.0,0.0
133,0.0,0.0,0.0,0.0,0.0,0.0,0.0,0.0,0.0,0.0
134,0.0,0.0,0.0,0.0,0.0,0.0,0.0,0.0,0.0,0.0
135,0.0,0.0,0.0,0.0,0.0,0.0,0.0,0.0,0.0,0.0
136,0.0,0.0,0.0,0.0,0.0,0.0,0.0,0.0,0.0,0.0
137,0.0,0.0,0.0,0.0,0.0,0.0,0.0,0.0,0.0,0.0
138,0.0,0.0,0.0,0.0,0.0,0.0,0.0,0.0,0.0,0.0
139,0.0,0.0,0.0,0.0,0.0,0.0,0.0,0.0,0.0,0.0
140,0.0,0.0,0.0,0.0,0.0,0.0,0.0,0.0,0.0,0.0
141,0.0,0.0,0.0,0.0,0.0,0.0,0.0,0.0,0.0,0.0
142,0.0,0.0,0.0,0.0,0.0,0.0,0.0,0.0,0.0,0.0
143,0.0,0.0,0.0,0.0,0.0,0.0,0.0,0.0,0.0,0.0
144,0.0,0.0,0.0,0.0,0.0,0.0,0.0,0.0,0.0,0.0
145,0.0,0.0,0.0,0.0,0.0,0.0,0.0,0.0,0.0,0.0
146,0.0,0.0,0.0,0.0,0.0,0.0,0.0,0.0,0.0,0.0
147,0.0,0.0,0.0,0.0,0.0,0.0,0.0,0.0,0.0,0.0
148,0.0,0.0,0.0,0.0,0.0,0.0,0.0,0.0,0.0,0.0
149,0.0,0.0,0.0,0.0,0.0,0.0,0.0,0.0,0.0,0.0
150,0.0,0.0,0.0,0.0,0.0,0.0,0.0,0.0,0.0,0.0
151,0.0,0.0,0.0,0.0,0.0,0.0,0.0,0.0,0.0,0.0
152,0.0,0.0,0.0,0.0,0.0,0.0,0.0,0.0,0.0,0.0
153,0.0,0.0,0.0,0.0,0.0,0.0,0.0,0.0,0.0,0.0
154,0.0,0.0,0.0,0.0,0.0,0.0,0.0,0.0,0.0,0.0
155,0.0,0.0,0.0,0.0,0.0,0.0,0.0,0.0,0.0,0.0
156,0.0,0.0,0.0,0.0,0.0,0.0,0.0,0.0,0.0,0.0
157,0.0,0.0,0.0,0.0,0.0,0.0,0.0,0.0,0.0,0.0
158,0.0,0.0,0.0,0.0,0.0,0.0,0.0,0.0,0.0,0.0
159,0.0,0.0,0.0,0.0,0.0,0.0,0.0,0.0,0.0,0.0
160,0.0,0.0,0.0,0.0,0.0,0.0,0.0,0.0,0.0,0.0
161,0.0,0.0,0.0,0.0,0.0,0.0,0.0,0.0,0.0,0.0
162,0.0,0.0,0.0,0.0,0.0,0.0,0.0,0.0,0.0,0.0
163,0.0,0.0,0.0,0.0,0.0,0.0,0.0,0.0,0.0,0.0
164,0.0,0.0,0.0,0.0,0.0,0.0,0.0,0.0,0.0,0.0
165,0.0,0.0,0.0,0.0,0.0,0.0,0.0,0.0,0.0,0.0
166,0.0,0.0,0.0,0.0,0.0,0.0,0.0,0.0,0.0,0.0
167,0.0,0.0,0.0,0.0,0.0,0.0,0.0,0.0,0.0,0.0
168,0.0,0.0,0.0,0.0,0.0,0.0,0.0,0.0,0.0,0.0
169,0.0,0.0,0.0,0.0,0.0,0.0,0.0,0.0,0.0,0.0
170,0.0,0.0,0.0,0.0,0.0,0.0,0.0,0.0,0.0,0.0
171,0.0,0.0,0.0,0.0,0.0,0.0,0.0,0.0,0.0,0.0
172,0.0,0.0,0.0,0.0,0.0,0.0,0.0,0.0,0.0,0.0
173,0.0,0.0,0.0,0.0,0.0,0.0,0.0,0.0,0.0,0.0
174,0.0,0.0,0.0,0.0,0.0,0.0,0.0,0.0,0.0,0.0
175,0.0,0.0,0.0,0.0,0.0,0.0,0.0,0.0,0.0,0.0
176,0.0,0.0,0.0,0.0,0.0,0.0,0.0,0.0,0.0,0.0
177,0.0,0.0,0.0,0.0,0.0,0.0,0.0,0.0,0.0,0.0
178,0.0,0.0,0.0,0.0,0.0,0.0,0.0,0.0,0.0,0.0
179,0.0,0.0,0.0,0.0,0.0,0.0,0.0,0.0,0.0,0.0
180,0.0,0.0,0.0,0.0,0.0,0.0,0.0,0.0,0.0,0.0
181,0.0,0.0,0.0,0.0,0.0,0.0,0.0,0.0,0.0,0.0
182,0.0,0.0,0.0,0.0,0.0,0.0,0.0,0.0,0.0,0.0
183,0.0,0.0,0.0,0.0,0.0,0.0,0.0,0.0,0.0,0.0
184,0.0,0.0,0.0,0.0,0.0,0.0,0.0,0.0,0.0,0.0
185,0.0,0.0,0.0,0.0,0.0,0.0,0.0,0.0,0.0,0.0
186,0.0,0.0,0.0,0.0,0.0,0.0,0.0,0.0,0.0,0.0
187,0.0,0.0,0.0,0.0,0.0,0.0,0.0,0.0,0.0,0.0
188,0.0,0.0,0.0,0.0,0.0,0.0,0.0,0.0,0.0,0.0
189,0.0,0.0,0.0,0.0,0.0,0.0,0.0,0.0,0.0,0.0
190,0.0,0.0,0.0,0.0,0.0,0.0,0.0,0.0,0.0,0.0
191,0.0,0.0,0.0,0.0,0.0,0.0,0.0,0.0,0.0,0.0
192,0.0,0.0,0.0,0.0,0.0,0.0,0.0,0.0,0.0,0.0
193,0.0,0.0,0.0,0.0,0.0,0.0,0.0,0.0,0.0,0.0
194,0.0,0.0,0.0,0.0,0.0,0.0,0.0,0.0,0.0,0.0
195,0.0,0.0,0.0,0.0,0.0,0.0,0.0,0.0,0.0,0.0
196,0.0,0.0,0.0,0.0,0.0,0.0,0.0,0.0,0.0,0.0
197,0.0,0.0,0.0,0.0,0.0,0.0,0.0,0.0,0.0,0.0
198,0.0,0.0,0.0,0.0,0.0,0.0,0.0,0.0,0.0,0.0
199,0.0,0.0,0.0,0.0,0.0,0.0,0.0,0.0,0.0,0.0
200,0.0,0.0,0.0,0.0,0.0,0.0,0.0,0.0,0.0,0.0
201,0.0,0.0,0.0,0.0,0.0,0.0,0.0,0.0,0.0,0.0
202,0.0,0.0,0.0,0.0,0.0,0.0,0.0,0.0,0.0,0.0
203,0.0,0.0,0.0,0.0,0.0,0.0,0.0,0.0,0.0,0.0
204,0.0,0.0,0.0,0.0,0.0,0.0,0.0,0.0,0.0,0.0
205,0.0,0.0,0.0,0.0,0.0,0.0,0.0,0.0,0.0,0.0
206,0.0,0.0,0.0,0.0,0.0,0.0,0.0,0.0,0.0,0.0
207,0.0,0.0,0.0,0.0,0.0,0.0,0.0,0.0,0.0,0.0
208,0.0,0.0,0.0,0.0,0.0,0.0,0.0,0.0,0.0,0.0
209,0.0,0.0,0.0,0.0,0.0,0.0,0.0,0.0,0.0,0.0
210,0.0,0.0,0.0,0.0,0.0,0.0,0.0,0.0,0.0,0.0
211,0.0,0.0,0.0,0.0,0.0,0.0,0.0,0.0,0.0,0.0
212,0.0,0.0,0.0,0.0,0.0,0.0,0.0,0.0,0.0,0.0
213,0.0,0.0,0.0,0.0,0.0,0.0,0.0,0.0,0.0,0.0
214,0.0,0.0,0.0,0.0,0.0,0.0,0.0,0.0,0.0,0.0
215,0.0,0.0,0.0,0.0,0.0,0.0,0.0,0.0,0.0,0.0
216,0.0,0.0,0.0,0.0,0.0,0.0,0.0,0.0,0.0,0.0
217,0.0,0.0,0.0,0.0,0.0,0.0,0.0,0.0,0.0,0.0
218,0.0,0.0,0.0,0.0,0.0,0.0,0.0,0.0,0.0,0.0
219,0.0,0.0,0.0,0.0,0.0,0.0,0.0,0.0,0.0,0.0
220,0.0,0.0,0.0,0.0,0.0,0.0,0.0,0.0,0.0,0.0
221,0.0,0.0,0.0,0.0,0.0,0.0,0.0,0.0,0.0,0.0
222,0.0,0.0,0.0,0.0,0.0,0.0,0.0,0.0,0.0,0.0
223,0.0,0.0,0.0,0.0,0.0,0.0,0.0,0.0,0.0,0.0
224,0.0,0.0,0.0,0.0,0.0,0.0,0.0,0.0,0.0,0.0
225,0.0,0.0,0.0,0.0,0.0,0.0,0.0,0.0,0.0,0.0
226,0.0,0.0,0.0,0.0,0.0,0.0,0.0,0.0,0.0,0.0
227,0.0,0.0,0.0,0.0,0.0,0.0,0.0,0.0,0.0,0.0
228,0.0,0.0,0.0,0.0,0.0,0.0,0.0,0.0,0.0,0.0
229,0.0,0.0,0.0,0.0,0.0,0.0,0.0,0.0,0.0,0.0
230,0.0,0.0,0.0,0.0,0.0,0.0,0.0,0.0,0.0,0.0
231,0.0,0.0,0.0,0.0,0.0,0.0,0.0,0.0,0.0,0.0
232,0.0,0.0,0.0,0.0,0.0,0.0,0.0,0.0,0.0,0.0
233,0.0,0.0,0.0,0.0,0.0,0.0,0.0,0.0,0.0,0.0
234,0.0,0.0,0.0,0.0,0.0,0.0,0.0,0.0,0.0,0.0
235,0.0,0.0,0.0,0.0,0.0,0.0,0.0,0.0,0.0,0.0
236,0.0,0.0,0.0,0.0,0.0,0.0,0.0,0.0,0.0,0.0
237,0.0,0.0,0.0,0.0,0.0,0.0,0.0,0.0,0.0,0.0
238,0.0,0.0,0.0,0.0,0.0,0.0,0.0,0.0,0.0,0.0
239,0.0,0.0,0.0,0.0,0.0,0.0,0.0,0.0,0.0,0.0
240,0.0,0.0,0.0,0.0,0.0,0.0,0.0,0.0,0.0,0.0
241,0.0,0.0,0.0,0.0,0.0,0.0,0.0,0.0,0.0,0.0
242,0.0,0.0,0.0,0.0,0.0,0.0,0.0,0.0,0.0,0.0
243,0.0,0.0,0.0,0.0,0.0,0.0,0.0,0.0,0.0,0.0
244,0.0,0.0,0.0,0.0,0.0,0.0,0.0,0.0,0.0,0.0
245,0.0,0.0,0.0,0.0,0.0,0.0,0.0,0.0,0.0,0.0
246,0.0,0.0,0.0,0.0,0.0,0.0,0.0,0.0,0.0,0.0
247,0.0,0.0,0.0,0.0,0.0,0.0,0.0,0.0,0.0,0.0
248,0.0,0.0,0.0,0.0,0.0,0.0,0.0,0.0,0.0,0.0
249,0.0,0.0,0.0,0.0,0.0,0.0,0.0,0.0,0.0,0.0
250,0.0,0.0,0.0,0.0,0.0,0.0,0.0,0.0,0.0,0.0
251,0.0,0.0,0.0,0.0,0.0,0.0,0.0,0.0,0.0,0.0
252,0.0,0.0,0.0,0.0,0.0,0.0,0.0,0.0,0.0,0.0
253,0.0,0.0,0.0,0.0,0.0,0.0,0.0,0.0,0.0,0.0
254,0.0,0.0,0.0,0.0,0.0,0.0,0.0,0.0,0.0,0.0
255,0.0,0.0,0.0,0.0,0.0,0.0,0.0,0.0,0.0,0.0
256,0.0,0.0,0.0,0.0,0.0,0.0,0.0,0.0,0.0,0.0
257,0.0,0.0,0.0,0.0,0.0,0.0,0.0,0.0,0.0,0.0
258,0.0,0.0,0.0,0.0,0.0,0.0,0.0,0.0,0.0,0.0
259,0.0,0.0,0.0,0.0,0.0,0.0,0.0,0.0,0.0,0.0
260,0.0,0.0,0.0,0.0,0.0,0.0,0.0,0.0,0.0,0.0
261,0.0,0.0,0.0,0.0,0.0,0.0,0.0,0.0,0.0,0.0
262,0.0,0.0,0.0,0.0,0.0,0.0,0.0,0.0,0.0,0.0
263,0.0,0.0,0.0,0.0,0.0,0.0,0.0,0.0,0.0,0.0
264,0.0,0.0,0.0,0.0,0.0,0.0,0.0,0.0,0.0,0.0
265,0.0,0.0,0.0,0.0,0.0,0.0,0.0,0.0,0.0,0.0
266,0.0,0.0,0.0,0.0,0.0,0.0,0.0,0.0,0.0,0.0
267,0.0,0.0,0.0,0.0,0.0,0.0,0.0,0.0,0.0,0.0
268,0.0,0.0,0.0,0.0,0.0,0.0,0.0,0.0,0.0,0.0
269,0.0,0.0,0.0,0.0,0.0,0.0,0.0,0.0,0.0,0.0
270,0.0,0.0,0.0,0.0,0.0,0.0,0.0,0.0,0.0,0.0
271,0.0,0.0,0.0,0.0,0.0,0.0,0.0,0.0,0.0,0.0
272,0.0,0.0,0.0,0.0,0.0,0.0,0.0,0.0,0.0,0.0
273,0.0,0.0,0.0,0.0,0.0,0.0,0.0,0.0,0.0,0.0
274,0.0,0.0,0.0,0.0,0.0,0.0,0.0,0.0,0.0,0.0
275,0.0,0.0,0.0,0.0,0.0,0.0,0.0,0.0,0.0,0.0
276,0.0,0.0,0.0,0.0,0.0,0.0,0.0,0.0,0.0,0.0
277,0.0,0.0,0.0,0.0,0.0,0.0,0.0,0.0,0.0,0.0
278,0.0,0.0,0.0,0.0,0.0,0.0,0.0,0.0,0.0,0.0
279,0.0,0.0,0.0,0.0,0.0,0.0,0.0,0.0,0.0,0.0
280,0.0,0.0,0.0,0.0,0.0,0.0,0.0,0.0,0.0,0.0
281,0.0,0.0,0.0,0.0,0.0,0.0,0.0,0.0,0.0,0.0
282,0.0,0.0,0.0,0.0,0.0,0.0,0.0,0.0,0.0,0.0
283,0.0,0.0,0.0,0.0,0.0,0.0,0.0,0.0,0.0,0.0
284,0.0,0.0,0.0,0.0,0.0,0.0,0.0,0.0,0.0,0.0
285,0.0,0.0,0.0,0.0,0.0,0.0,0.0,0.0,0.0,0.0
286,0.0,0.0,0.0,0.0,0.0,0.0,0.0,0.0,0.0,0.0
287,0.0,0.0,0.0,0.0,0.0,0.0,0.0,0.0,0.0,0.0
288,0.0,0.0,0.0,0.0,0.0,0.0,0.0,0.0,0.0,0.0
289,0.0,0.0,0.0,0.0,0.0,0.0,0.0,0.0,0.0,0.0
290,0.0,0.0,0.0,0.0,0.0,0.0,0.0,0.0,0.0,0.0
291,0.0,0.0,0.0,0.0,0.0,0.0,0.0,0.0,0.0,0.0
292,0.0,0.0,0.0,0.0,0.0,0.0,0.0,0.0,0.0,0.0
293,0.0,0.0,0.0,0.0,0.0,0.0,0.0,0.0,0.0,0.0
294,0.0,0.0,0.0,0.0,0.0,0.0,0.0,0.0,0.0,0.0
295,0.0,0.0,0.0,0.0,0.0,0.0,0.0,0.0,0.0,0.0
296,0.0,0.0,0.0,0.0,0.0,0.0,0.0,0.0,0.0,0.0
297,0.0,0.0,0.0,0.0,0.0,0.0,0.0,0.0,0.0,0.0
298,0.0,0.0,0.0,0.0,0.0,0.0,0.0,0.0,0.0,0.0
299,0.0,0.0,0.0,0.0,0.0,0.0,0.0,0.0,0.0,0.0
300,0.0,0.0,0.0,0.0,0.0,0.0,0.0,0.0,0.0,0.0
301,0.0,0.0,0.0,0.0,0.0,0.0,0.0,0.0,0.0,0.0
302,0.0,0.0,0.0,0.0,0.0,0.0,0.0,0.0,0.0,0.0
303,0.0,0.0,0.0,0.0,0.0,0.0,0.0,0.0,0.0,0.0
304,0.0,0.0,0.0,0.0,0.0,0.0,0.0,0.0,0.0,0.0
305,0.0,0.0,0.0,0.0,0.0,0.0,0.0,0.0,0.0,0.0
306,0.0,0.0,0.0,0.0,0.0,0.0,0.0,0.0,0.0,0.0
307,0.0,0.0,0.0,0.0,0.0,0.0,0.0,0.0,0.0,0.0
308,0.0,0.0,0.0,0.0,0.0,0.0,0.0,0.0,0.0,0.0
309,0.0,0.0,0.0,0.0,0.0,0.0,0.0,0.0,0.0,0.0
310,0.0,0.0,0.0,0.0,0.0,0.0,0.0,0.0,0.0,0.0
311,0.0,0.0,0.0,0.0,0.0,0.0,0.0,0.0,0.0,0.0
312,0.0,0.0,0.0,0.0,0.0,0.0,0.0,0.0,0.0,0.0
313,0.0,0.0,0.0,0.0,0.0,0.0,0.0,0.0,0.0,0.0
314,0.0,0.0,0.0,0.0,0.0,0.0,0.0,0.0,0.0,0.0
315,0.0,0.0,0.0,0.0,0.0,0.0,0.0,0.0,0.0,0.0
316,0.0,0.0,0.0,0.0,0.0,0.0,0.0,0.0,0.0,0.0
317,0.0,0.0,0.0,0.0,0.0,0.0,0.0,0.0,0.0,0.0
318,0.0,0.0,0.0,0.0,0.0,0.0,0.0,0.0,0.0,0.0
319,0.0,0.0,0.0,0.0,0.0,0.0,0.0,0.0,0.0,0.0
320,0.0,0.0,0.0,0.0,0.0,0.0,0.0,0.0,0.0,0.0
321,0.0,0.0,0.0,0.0,0.0,0.0,0.0,0.0,0.0,0.0
322,0.0,0.0,0.0,0.0,0.0,0.0,0.0,0.0,0.0,0.0
323,0.0,0.0,0.0,0.0,0.0,0.0,0.0,0.0,0.0,0.0
324,0.0,0.0,0.0,0.0,0.0,0.0,0.0,0.0,0.0,0.0
325,0.0,0.0,0.0,0.0,0.0,0.0,0.0,0.0,0.0,0.0
326,0.0,0.0,0.0,0.0,0.0,0.0,0.0,0.0,0.0,0.0
327,0.0,0.0,0.0,0.0,0.0,0.0,0.0,0.0,0.0,0.0
328,0.0,0.0,0.0,0.0,0.0,0.0,0.0,0.0,0.0,0.0
329,0.0,0.0,0.0,0.0,0.0,0.0,0.0,0.0,0.0,0.0
330,0.0,0.0,0.0,0.0,0.0,0.0,0.0,0.0,0.0,0.0
331,0.0,0.0,0.0,0.0,0.0,0.0,0.0,0.0,0.0,0.0
332,0.0,0.0,0.0,0.0,0.0,0.0,0.0,0.0,0.0,0.0
333,0.0,0.0,0.0,0.0,0.0,0.0,0.0,0.0,0.0,0.0
334,0.0,0.0,0.0,0.0,0.0,0.0,0.0,0.0,0.0,0.0
335,0.0,0.0,0.0,0.0,0.0,0.0,0.0,0.0,0.0,0.0
336,0.0,0.0,0.0,0.0,0.0,0.0,0.0,0.0,0.0,0.0
337,0.0,0.0,0.0,0.0,0.0,0.0,0.0,0.0,0.0,0.0
338,0.0,0.0,0.0,0.0,0.0,0.0,0.0,0.0,0.0,0.0
339,0.0,0.0,0.0,0.0,0.0,0.0,0.0,0.0,0.0,0.0
340,0.0,0.0,0.0,0.0,0.0,0.0,0.0,0.0,0.0,0.0
341,0.0,0.0,0.0,0.0,0.0,0.0,0.0,0.0,0.0,0.0
342,0.0,0.0,0.0,0.0,0.0,0.0,0.0,0.0,0.0,0.0
343,0.0,0.0,0.0,0.0,0.0,0.0,0.0,0.0,0.0,0.0
344,0.0,0.0,0.0,0.0,0.0,0.0,0.0,0.0,0.0,0.0
345,0.0,0.0,0.0,0.0,0.0,0.0,0.0,0.0,0.0,0.0
346,0.0,0.0,0.0,0.0,0.0,0.0,0.0,0.0,0.0,0.0
347,0.0,0.0,0.0,0.0,0.0,0.0,0.0,0.0,0.0,0.0
348,0.0,0.0,0.0,0.0,0.0,0.0,0.0,0.0,0.0,0.0
349,0.0,0.0,0.0,0.0,0.0,0.0,0.0,0.0,0.0,0.0
350,0.0,0.0,0.0,0.0,0.0,0.0,0.0,0.0,0.0,0.0
351,0.0,0.0,0.0,0.0,0.0,0.0,0.0,0.0,0.0,0.0
352,0.0,0.0,0.0,0.0,0.0,0.0,0.0,0.0,0.0,0.0
353,0.0,0.0,0.0,0.0,0.0,0.0,0.0,0.0,0.0,0.0
354,0.0,0.0,0.0,0.0,0.0,0.0,0.0,0.0,0.0,0.0
355,0.0,0.0,0.0,0.0,0.0,0.0,0.0,0.0,0.0,0.0
356,0.0,0.0,0.0,0.0,0.0,0.0,0.0,0.0,0.0,0.0
357,0.0,0.0,0.0,0.0,0.0,0.0,0.0,0.0,0.0,0.0
358,0.0,0.0,0.0,0.0,0.0,0.0,0.0,0.0,0.0,0.0
359,0.0,0.0,0.0,0.0,0.0,0.0,0.0,0.0,0.0,0.0
360,0.0,0.0,0.0,0.0,0.0,0.0,0.0,0.0,0.0,0.0
361,0.0,0.0,0.0,0.0,0.0,0.0,0.0,0.0,0.0,0.0
362,0.0,0.0,0.0,0.0,0.0,0.0,0.0,0.0,0.0,0.0
363,0.0,0.0,0.0,0.0,0.0,0.0,0.0,0.0,0.0,0.0
364,0.0,0.0,0.0,0.0,0.0,0.0,0.0,0.0,0.0,0.0
365,0.0,0.0,0.0,0.0,0.0,0.0,0.0,0.0,0.0,0.0
366,0.0,0.0,0.0,0.0,0.0,0.0,0.0,0.0,0.0,0.0
367,0.0,0.0,0.0,0.0,0.0,0.0,0.0,0.0,0.0,0.0
368,0.0,0.0,0.0,0.0,0.0,0.0,0.0,0.0,0.0,0.0
369,0.0,0.0,0.0,0.0,0.0,0.0,0.0,0.0,0.0,0.0
370,0.0,0.0,0.0,0.0,0.0,0.0,0.0,0.0,0.0,0.0
371,0.0,0.0,0.0,0.0,0.0,0.0,0.0,0.0,0.0,0.0
372,0.0,0.0,0.0,0.0,0.0,0.0,0.0,0.0,0.0,0.0
373,0.0,0.0,0.0,0.0,0.0,0.0,0.0,0.0,0.0,0.0
374,0.0,0.0,0.0,0.0,0.0,0.0,0.0,0.0,0.0,0.0
375,0.0,0.0,0.0,0.0,0.0,0.0,0.0,0.0,0.0,0.0
376,0.0,0.0,0.0,0.0,0.0,0.0,0.0,0.0,0.0,0.0
377,0.0,0.0,0.0,0.0,0.0,0.0,0.0,0.0,0.0,0.0
378,0.0,0.0,0.0,0.0,0.0,0.0,0.0,0.0,0.0,0.0
379,0.0,0.0,0.0,0.0,0.0,0.0,0.0,0.0,0.0,0.0
380,0.0,0.0,0.0,0.0,0.0,0.0,0.0,0.0,0.0,0.0
381,0.0,0.0,0.0,0.0,0.0,0.0,0.0,0.0,0.0,0.0
382,0.0,0.0,0.0,0.0,0.0,0.0,0.0,0.0,0.0,0.0
383,0.0,0.0,0.0,0.0,0.0,0.0,0.0,0.0,0.0,0.0
384,0.0,0.0,0.0,0.0,0.0,0.0,0.0,0.0,0.0,0.0
385,0.0,0.0,0.0,0.0,0.0,0.0,0.0,0.0,0.0,0.0
386,0.0,0.0,0.0,0.0,0.0,0.0,0.0,0.0,0.0,0.0
387,0.0,0.0,0.0,0.0,0.0,0.0,0.0,0.0,0.0,0.0
388,0.0,0.0,0.0,0.0,0.0,0.0,0.0,0.0,0.0,0.0
389,0.0,0.0,0.0,0.0,0.0,0.0,0.0,0.0,0.0,0.0
390,0.0,0.0,0.0,0.0,0.0,0.0,0.0,0.0,0.0,0.0
391,0.0,0.0,0.0,0.0,0.0,0.0,0.0,0.0,0.0,0.0
392,0.0,0.0,0.0,0.0,0.0,0.0,0.0,0.0,0.0,0.0
393,0.0,0.0,0.0,0.0,0.0,0.0,0.0,0.0,0.0,0.0
394,0.0,0.0,0.0,0.0,0.0,0.0,0.0,0.0,0.0,0.0
395,0.0,0.0,0.0,0.0,0.0,0.0,0.0,0.0,0.0,0.0
396,0.0,0.0,0.0,0.0,0.0,0.0,0.0,0.0,0.0,0.0
397,0.0,0.0,0.0,0.0,0.0,0.0,0.0,0.0,0.0,0.0
398,0.0,0.0,0.0,0.0,0.0,0.0,0.0,0.0,0.0,0.0
399,0.0,0.0,0.0,0.0,0.0,0.0,0.0,0.0,0.0,0.0
400,0.0,0.0,0.0,0.0,0.0,0.0,0.0,0.0,0.0,0.0
401,0.0,0.0,0.0,0.0,0.0,0.0,0.0,0.0,0.0,0.0
402,0.0,0.0,0.0,0.0,0.0,0.0,0.0,0.0,0.0,0.0
403,0.0,0.0,0.0,0.0,0.0,0.0,0.0,0.0,0.0,0.0
404,0.0,0.0,0.0,0.0,0.0,0.0,0.0,0.0,0.0,0.0
405,0.0,0.0,0.0,0.0,0.0,0.0,0.0,0.0,0.0,0.0
406,0.0,0.0,0.0,0.0,0.0,0.0,0.0,0.0,0.0,0.0
407,0.0,0.0,0.0,0.0,0.0,0.0,0.0,0.0,0.0,0.0
408,0.0,0.0,0.0,0.0,0.0,0.0,0.0,0.0,0.0,0.0
409,0.0,0.0,0.0,0.0,0.0,0.0,0.0,0.0,0.0,0.0
410,0.0,0.0,0.0,0.0,0.0,0.0,0.0,0.0,0.0,0.0
411,0.0,0.0,0.0,0.0,0.0,0.0,0.0,0.0,0.0,0.0
412,0.0,0.0,0.0,0.0,0.0,0.0,0.0,0.0,0.0,0.0
413,0.0,0.0,0.0,0.0,0.0,0.0,0.0,0.0,0.0,0.0
414,0.0,0.0,0.0,0.0,0.0,0.0,0.0,0.0,0.0,0.0
415,0.0,0.0,0.0,0.0,0.0,0.0,0.0,0.0,0.0,0.0
416,0.0,0.0,0.0,0.0,0.0,0.0,0.0,0.0,0.0,0.0
417,0.0,0.0,0.0,0.0,0.0,0.0,0.0,0.0,0.0,0.0
418,0.0,0.0,0.0,0.0,0.0,0.0,0.0,0.0,0.0,0.0
419,0.0,0.0,0.0,0.0,0.0,0.0,0.0,0.0,0.0,0.0
420,0.0,0.0,0.0,0.0,0.0,0.0,0.0,0.0,0.0,0.0
421,0.0,0.0,0.0,0.0,0.0,0.0,0.0,0.0,0.0,0.0
422,0.0,0.0,0.0,0.0,0.0,0.0,0.0,0.0,0.0,0.0
423,0.0,0.0,0.0,0.0,0.0,0.0,0.0,0.0,0.0,0.0
424,0.0,0.0,0.0,0.0,0.0,0.0,0.0,0.0,0.0,0.0
425,0.0,0.0,0.0,0.0,0.0,0.0,0.0,0.0,0.0,0.0
426,0.0,0.0,0.0,0.0,0.0,0.0,0.0,0.0,0.0,0.0
427,0.0,0.0,0.0,0.0,0.0,0.0,0.0,0.0,0.0,0.0
428,0.0,0.0,0.0,0.0,0.0,0.0,0.0,0.0,0.0,0.0
429,0.0,0.0,0.0,0.0,0.0,0.0,0.0,0.0,0.0,0.0
430,0.0,0.0,0.0,0.0,0.0,0.0,0.0,0.0,0.0,0.0
431,0.0,0.0,0.0,0.0,0.0,0.0,0.0,0.0,0.0,0.0
432,0.0,0.0,0.0,0.0,0.0,0.0,0.0,0.0,0.0,0.0
433,0.0,0.0,0.0,0.0,0.0,0.0,0.0,0.0,0.0,0.0
434,0.0,0.0,0.0,0.0,0.0,0.0,0.0,0.0,0.0,0.0
435,0.0,0.0,0.0,0.0,0.0,0.0,0.0,0.0,0.0,0.0
436,0.0,0.0,0.0,0.0,0.0,0.0,0.0,0.0,0.0,0.0
437,0.0,0.0,0.0,0.0,0.0,0.0,0.0,0.0,0.0,0.0
438,0.0,0.0,0.0,0.0,0.0,0.0,0.0,0.0,0.0,0.0
439,0.0,0.0,0.0,0.0,0.0,0.0,0.0,0.0,0.0,0.0
440,0.0,0.0,0.0,0.0,0.0,0.0,0.0,0.0,0.0,0.0
441,0.0,0.0,0.0,0.0,0.0,0.0,0.0,0.0,0.0,0.0
442,0.0,0.0,0.0,0.0,0.0,0.0,0.0,0.0,0.0,0.0
443,0.0,0.0,0.0,0.0,0.0,0.0,0.0,0.0,0.0,0.0
444,0.0,0.0,0.0,0.0,0.0,0.0,0.0,0.0,0.0,0.0
445,0.0,0.0,0.0,0.0,0.0,0.0,0.0,0.0,0.0,0.0
446,0.0,0.0,0.0,0.0,0.0,0.0,0.0,0.0,0.0,0.0
447,0.0,0.0,0.0,0.0,0.0,0.0,0.0,0.0,0.0,0.0
448,0.0,0.0,0.0,0.0,0.0,0.0,0.0,0.0,0.0,0.0
449,0.0,0.0,0.0,0.0,0.0,0.0,0.0,0.0,0.0,0.0
450,0.0,0.0,0.0,0.0,0.0,0.0,0.0,0.0,0.0,0.0
451,0.0,0.0,0.0,0.0,0.0,0.0,0.0,0.0,0.0,0.0
452,0.0,0.0,0.0,0.0,0.0,0.0,0.0,0.0,0.0,0.0
453,0.0,0.0,0.0,0.0,0.0,0.0,0.0,0.0,0.0,0.0
454,0.0,0.0,0.0,0.0,0.0,0.0,0.0,0.0,0.0,0.0
455,0.0,0.0,0.0,0.0,0.0,0.0,0.0,0.0,0.0,0.0
456,0.0,0.0,0.0,0.0,0.0,0.0,0.0,0.0,0.0,0.0
457,0.0,0.0,0.0,0.0,0.0,0.0,0.0,0.0,0.0,0.0
458,0.0,0.0,0.0,0.0,0.0,0.0,0.0,0.0,0.0,0.0
459,0.0,0.0,0.0,0.0,0.0,0.0,0.0,0.0,0.0,0.0
460,0.0,0.0,0.0,0.0,0.0,0.0,0.0,0.0,0.0,0.0
461,0.0,0.0,0.0,0.0,0.0,0.0,0.0,0.0,0.0,0.0
462,0.0,0.0,0.0,0.0,0.0,0.0,0.0,0.0,0.0,0.0
463,0.0,0.0,0.0,0.0,0.0,0.0,0.0,0.0,0.0,0.0
464,0.0,0.0,0.0,0.0,0.0,0.0,0.0,0.0,0.0,0.0
465,0.0,0.0,0.0,0.0,0.0,0.0,0.0,0.0,0.0,0.0
466,0.0,0.0,0.0,0.0,0.0,0.0,0.0,0.0,0.0,0.0
467,0.0,0.0,0.0,0.0,0.0,0.0,0.0,0.0,0.0,0.0
468,0.0,0.0,0.0,0.0,0.0,0.0,0.0,0.0,0.0,0.0
469,0.0,0.0,0.0,0.0,0.0,0.0,0.0,0.0,0.0,0.0
470,0.0,0.0,0.0,0.0,0.0,0.0,0.0,0.0,0.0,0.0
471,0.0,0.0,0.0,0.0,0.0,0.0,0.0,0.0,0.0,0.0
472,0.0,0.0,0.0,0.0,0.0,0.0,0.0,0.0,0.0,0.0
473,0.0,0.0,0.0,0.0,0.0,0.0,0.0,0.0,0.0,0.0
474,0.0,0.0,0.0,0.0,0.0,0.0,0.0,0.0,0.0,0.0
475,0.0,0.0,0.0,0.0,0.0,0.0,0.0,0.0,0.0,0.0
476,0.0,0.0,0.0,0.0,0.0,0.0,0.0,0.0,0.0,0.0
477,0.0,0.0,0.0,0.0,0.0,0.0,0.0,0.0,0.0,0.0
478,0.0,0.0,0.0,0.0,0.0,0.0,0.0,0.0,0.0,0.0
479,0.0,0.0,0.0,0.0,0.0,0.0,0.0,0.0,0.0,0.0
480,0.0,0.0,0.0,0.0,0.0,0.0,0.0,0.0,0.0,0.0
481,0.0,0.0,0.0,0.0,0.0,0.0,0.0,0.0,0.0,0.0
482,0.0,0.0,0.0,0.0,0.0,0.0,0.0,0.0,0.0,0.0
483,0.0,0.0,0.0,0.0,0.0,0.0,0.0,0.0,0.0,0.0
484,0.0,0.0,0.0,0.0,0.0,0.0,0.0,0.0,0.0,0.0
485,0.0,0.0,0.0,0.0,0.0,0.0,0.0,0.0,0.0,0.0
486,0.0,0.0,0.0,0.0,0.0,0.0,0.0,0.0,0.0,0.0
487,0.0,0.0,0.0,0.0,0.0,0.0,0.0,0.0,0.0,0.0
488,0.0,0.0,0.0,0.0,0.0,0.0,0.0,0.0,0.0,0.0
489,0.0,0.0,0.0,0.0,0.0,0.0,0.0,0.0,0.0,0.0
490,0.0,0.0,0.0,0.0,0.0,0.0,0.0,0.0,0.0,0.0
491,0.0,0.0,0.0,0.0,0.0,0.0,0.0,0.0,0.0,0.0
492,0.0,0.0,0.0,0.0,0.0,0.0,0.0,0.0,0.0,0.0
493,0.0,0.0,0.0,0.0,0.0,0.0,0.0,0.0,0.0,0.0
494,0.0,0.0,0.0,0.0,0.0,0.0,0.0,0.0,0.0,0.0
495,0.0,0.0,0.0,0.0,0.0,0.0,0.0,0.0,0.0,0.0
496,0.0,0.0,0.0,0.0,0.0,0.0,0.0,0.0,0.0,0.0
497,0.0,0.0,0.0,0.0,0.0,0.0,0.0,0.0,0.0,0.0
498,0.0,0.0,0.0,0.0,0.0,0.0,0.0,0.0,0.0,0.0
499,0.0,0.0,0.0,0.0,0.0,0.0,0.0,0.0,0.0,0.0
500,0.0,0.0,0.0,0.0,0.0,0.0,0.0,0.0,0.0,0.0
501,0.0,0.0,0.0,0.0,0.0,0.0,0.0,0.0,0.0,0.0
502,0.0,0.0,0.0,0.0,0.0,0.0,0.0,0.0,0.0,0.0
503,0.0,0.0,0.0,0.0,0.0,0.0,0.0,0.0,0.0,0.0
504,0.0,0.0,0.0,0.0,0.0,0.0,0.0,0.0,0.0,0.0
505,0.0,0.0,0.0,0.0,0.0,0.0,0.0,0.0,0.0,0.0
506,0.0,0.0,0.0,0.0,0.0,0.0,0.0,0.0,0.0,0.0
507,0.0,0.0,0.0,0.0,0.0,0.0,0.0,0.0,0.0,0.0
508,0.0,0.0,0.0,0.0,0.0,0.0,0.0,0.0,0.0,0.0
509,0.0,0.0,0.0,0.0,0.0,0.0,0.0,0.0,0.0,0.0
510,0.0,0.0,0.0,0.0,0.0,0.0,0.0,0.0,0.0,0.0
511,0.0,0.0,0.0,0.0,0.0,0.0,0.0,0.0,0.0,0.0
512,0.0,0.0,0.0,0.0,0.0,0.0,0.0,0.0,0.0,0.0
513,0.0,0.0,0.0,0.0,0.0,0.0,0.0,0.0,0.0,0.0
514,0.0,0.0,0.0,0.0,0.0,0.0,0.0,0.0,0.0,0.0
515,0.0,0.0,0.0,0.0,0.0,0.0,0.0,0.0,0.0,0.0
516,0.0,0.0,0.0,0.0,0.0,0.0,0.0,0.0,0.0,0.0
517,0.0,0.0,0.0,0.0,0.0,0.0,0.0,0.0,0.0,0.0
518,0.0,0.0,0.0,0.0,0.0,0.0,0.0,0.0,0.0,0.0
519,0.0,0.0,0.0,0.0,0.0,0.0,0.0,0.0,0.0,0.0
520,0.0,0.0,0.0,0.0,0.0,0.0,0.0,0.0,0.0,0.0
521,0.0,0.0,0.0,0.0,0.0,0.0,0.0,0.0,0.0,0.0
522,0.0,0.0,0.0,0.0,0.0,0.0,0.0,0.0,0.0,0.0
523,0.0,0.0,0.0,0.0,0.0,0.0,0.0,0.0,0.0,0.0
524,0.0,0.0,0.0,0.0,0.0,0.0,0.0,0.0,0.0,0.0
525,0.0,0.0,0.0,0.0,0.0,0.0,0.0,0.0,0.0,0.0
526,0.0,0.0,0.0,0.0,0.0,0.0,0.0,0.0,0.0,0.0
527,0.0,0.0,0.0,0.0,0.0,0.0,0.0,0.0,0.0,0.0
528,0.0,0.0,0.0,0.0,0.0,0.0,0.0,0.0,0.0,0.0
529,0.0,0.0,0.0,0.0,0.0,0.0,0.0,0.0,0.0,0.0
530,0.0,0.0,0.0,0.0,0.0,0.0,0.0,0.0,0.0,0.0
531,0.0,0.0,0.0,0.0,0.0,0.0,0.0,0.0,0.0,0.0
532,0.0,0.0,0.0,0.0,0.0,0.0,0.0,0.0,0.0,0.0
533,0.0,0.0,0.0,0.0,0.0,0.0,0.0,0.0,0.0,0.0
534,0.0,0.0,0.0,0.0,0.0,0.0,0.0,0.0,0.0,0.0
535,0.0,0.0,0.0,0.0,0.0,0.0,0.0,0.0,0.0,0.0
536,0.0,0.0,0.0,0.0,0.0,0.0,0.0,0.0,0.0,0.0
537,0.0,0.0,0.0,0.0,0.0,0.0,0.0,0.0,0.0,0.0
538,0.0,0.0,0.0,0.0,0.0,0.0,0.0,0.0,0.0,0.0
539,0.0,0.0,0.0,0.0,0.0,0.0,0.0,0.0,0.0,0.0
540,0.0,0.0,0.0,0.0,0.0,0.0,0.0,0.0,0.0,0.0
541,0.0,0.0,0.0,0.0,0.0,0.0,0.0,0.0,0.0,0.0
542,0.0,0.0,0.0,0.0,0.0,0.0,0.0,0.0,0.0,0.0
543,0.0,0.0,0.0,0.0,0.0,0.0,0.0,0.0,0.0,0.0
544,0.0,0.0,0.0,0.0,0.0,0.0,0.0,0.0,0.0,0.0
545,0.0,0.0,0.0,0.0,0.0,0.0,0.0,0.0,0.0,0.0
546,0.0,0.0,0.0,0.0,0.0,0.0,0.0,0.0,0.0,0.0
547,0.0,0.0,0.0,0.0,0.0,0.0,0.0,0.0,0.0,0.0
548,0.0,0.0,0.0,0.0,0.0,0.0,0.0,0.0,0.0,0.0
549,0.0,0.0,0.0,0.0,0.0,0.0,0.0,0.0,0.0,0.0
550,0.0,0.0,0.0,0.0,0.0,0.0,0.0,0.0,0.0,0.0
551,0.0,0.0,0.0,0.0,0.0,0.0,0.0,0.0,0.0,0.0
552,0.0,0.0,0.0,0.0,0.0,0.0,0.0,0.0,0.0,0.0
553,0.0,0.0,0.0,0.0,0.0,0.0,0.0,0.0,0.0,0.0
554,0.0,0.0,0.0,0.0,0.0,0.0,0.0,0.0,0.0,0.0
555,0.0,0.0,0.0,0.0,0.0,0.0,0.0,0.0,0.0,0.0
556,0.0,0.0,0.0,0.0,0.0,0.0,0.0,0.0,0.0,0.0
557,0.0,0.0,0.0,0.0,0.0,0.0,0.0,0.0,0.0,0.0
558,0.0,0.0,0.0,0.0,0.0,0.0,0.0,0.0,0.0,0.0
559,0.0,0.0,0.0,0.0,0.0,0.0,0.0,0.0,0.0,0.0
560,0.0,0.0,0.0,0.0,0.0,0.0,0.0,0.0,0.0,0.0
561,0.0,0.0,0.0,0.0,0.0,0.0,0.0,0.0,0.0,0.0
562,0.0,0.0,0.0,0.0,0.0,0.0,0.0,0.0,0.0,0.0
563,0.0,0.0,0.0,0.0,0.0,0.0,0.0,0.0,0.0,0.0
564,0.0,0.0,0.0,0.0,0.0,0.0,0.0,0.0,0.0,0.0
565,0.0,0.0,0.0,0.0,0.0,0.0,0.0,0.0,0.0,0.0
566,0.0,0.0,0.0,0.0,0.0,0.0,0.0,0.0,0.0,0.0
567,0.0,0.0,0.0,0.0,0.0,0.0,0.0,0.0,0.0,0.0
568,0.0,0.0,0.0,0.0,0.0,0.0,0.0,0.0,0.0,0.0
569,0.0,0.0,0.0,0.0,0.0,0.0,0.0,0.0,0.0,0.0
570,0.0,0.0,0.0,0.0,0.0,0.0,0.0,0.0,0.0,0.0
571,0.0,0.0,0.0,0.0,0.0,0.0,0.0,0.0,0.0,0.0
572,0.0,0.0,0.0,0.0,0.0,0.0,0.0,0.0,0.0,0.0
573,0.0,0.0,0.0,0.0,0.0,0.0,0.0,0.0,0.0,0.0
574,0.0,0.0,0.0,0.0,0.0,0.0,0.0,0.0,0.0,0.0
575,0.0,0.0,0.0,0.0,0.0,0.0,0.0,0.0,0.0,0.0
576,0.0,0.0,0.0,0.0,0.0,0.0,0.0,0.0,0.0,0.0
577,0.0,0.0,0.0,0.0,0.0,0.0,0.0,0.0,0.0,0.0
578,0.0,0.0,0.0,0.0,0.0,0.0,0.0,0.0,0.0,0.0
579,0.0,0.0,0.0,0.0,0.0,0.0,0.0,0.0,0.0,0.0
580,0.0,0.0,0.0,0.0,0.0,0.0,0.0,0.0,0.0,0.0
581,0.0,0.0,0.0,0.0,0.0,0.0,0.0,0.0,0.0,0.0
582,0.0,0.0,0.0,0.0,0.0,0.0,0.0,0.0,0.0,0.0
583,0.0,0.0,0.0,0.0,0.0,0.0,0.0,0.0,0.0,0.0
584,0.0,0.0,0.0,0.0,0.0,0.0,0.0,0.0,0.0,0.0
585,0.0,0.0,0.0,0.0,0.0,0.0,0.0,0.0,0.0,0.0
586,0.0,0.0,0.0,0.0,0.0,0.0,0.0,0.0,0.0,0.0
587,0.0,0.0,0.0,0.0,0.0,0.0,0.0,0.0,0.0,0.0
588,0.0,0.0,0.0,0.0,0.0,0.0,0.0,0.0,0.0,0.0
589,0.0,0.0,0.0,0.0,0.0,0.0,0.0,0.0,0.0,0.0
590,0.0,0.0,0.0,0.0,0.0,0.0,0.0,0.0,0.0,0.0
591,0.0,0.0,0.0,0.0,0.0,0.0,0.0,0.0,0.0,0.0
592,0.0,0.0,0.0,0.0,0.0,0.0,0.0,0.0,0.0,0.0
593,0.0,0.0,0.0,0.0,0.0,0.0,0.0,0.0,0.0,0.0
594,0.0,0.0,0.0,0.0,0.0,0.0,0.0,0.0,0.0,0.0
595,0.0,0.0,0.0,0.0,0.0,0.0,0.0,0.0,0.0,0.0
596,0.0,0.0,0.0,0.0,0.0,0.0,0.0,0.0,0.0,0.0
597,0.0,0.0,0.0,0.0,0.0,0.0,0.0,0.0,0.0,0.0
598,0.0,0.0,0.0,0.0,0.0,0.0,0.0,0.0,0.0,0.0
599,0.0,0.0,0.0,0.0,0.0,0.0,0.0,0.0,0.0,0.0
600,0.0,0.0,0.0,0.0,0.0,0.0,0.0,0.0,0.0,0.0
601,0.0,0.0,0.0,0.0,0.0,0.0,0.0,0.0,0.0,0.0
602,0.0,0.0,0.0,0.0,0.0,0.0,0.0,0.0,0.0,0.0
603,0.0,0.0,0.0,0.0,0.0,0.0,0.0,0.0,0.0,0.0
604,0.0,0.0,0.0,0.0,0.0,0.0,0.0,0.0,0.0,0.0
605,0.0,0.0,0.0,0.0,0.0,0.0,0.0,0.0,0.0,0.0
606,0.0,0.0,0.0,0.0,0.0,0.0,0.0,0.0,0.0,0.0
607,0.0,0.0,0.0,0.0,0.0,0.0,0.0,0.0,0.0,0.0
608,0.0,0.0,0.0,0.0,0.0,0.0,0.0,0.0,0.0,0.0
609,0.0,0.0,0.0,0.0,0.0,0.0,0.0,0.0,0.0,0.0
610,0.0,0.0,0.0,0.0,0.0,0.0,0.0,0.0,0.0,0.0
611,0.0,0.0,0.0,0.0,0.0,0.0,0.0,0.0,0.0,0.0
612,0.0,0.0,0.0,0.0,0.0,0.0,0.0,0.0,0.0,0.0
613,0.0,0.0,0.0,0.0,0.0,0.0,0.0,0.0,0.0,0.0
614,0.0,0.0,0.0,0.0,0.0,0.0,0.0,0.0,0.0,0.0
615,0.0,0.0,0.0,0.0,0.0,0.0,0.0,0.0,0.0,0.0
616,0.0,0.0,0.0,0.0,0.0,0.0,0.0,0.0,0.0,0.0
617,0.0,0.0,0.0,0.0,0.0,0.0,0.0,0.0,0.0,0.0
618,0.0,0.0,0.0,0.0,0.0,0.0,0.0,0.0,0.0,0.0
619,0.0,0.0,0.0,0.0,0.0,0.0,0.0,0.0,0.0,0.0
620,0.0,0.0,0.0,0.0,0.0,0.0,0.0,0.0,0.0,0.0
621,0.0,0.0,0.0,0.0,0.0,0.0,0.0,0.0,0.0,0.0
622,0.0,0.0,0.0,0.0,0.0,0.0,0.0,0.0,0.0,0.0
623,0.0,0.0,0.0,0.0,0.0,0.0,0.0,0.0,0.0,0.0
624,0.0,0.0,0.0,0.0,0.0,0.0,0.0,0.0,0.0,0.0
625,0.0,0.0,0.0,0.0,0.0,0.0,0.0,0.0,0.0,0.0
626,0.0,0.0,0.0,0.0,0.0,0.0,0.0,0.0,0.0,0.0
627,0.0,0.0,0.0,0.0,0.0,0.0,0.0,0.0,0.0,0.0
628,0.0,0.0,0.0,0.0,0.0,0.0,0.0,0.0,0.0,0.0
629,0.0,0.0,0.0,0.0,0.0,0.0,0.0,0.0,0.0,0.0
630,0.0,0.0,0.0,0.0,0.0,0.0,0.0,0.0,0.0,0.0
631,0.0,0.0,0.0,0.0,0.0,0.0,0.0,0.0,0.0,0.0
632,0.0,0.0,0.0,0.0,0.0,0.0,0.0,0.0,0.0,0.0
633,0.0,0.0,0.0,0.0,0.0,0.0,0.0,0.0,0.0,0.0
634,0.0,0.0,0.0,0.0,0.0,0.0,0.0,0.0,0.0,0.0
635,0.0,0.0,0.0,0.0,0.0,0.0,0.0,0.0,0.0,0.0
636,0.0,0.0,0.0,0.0,0.0,0.0,0.0,0.0,0.0,0.0
637,0.0,0.0,0.0,0.0,0.0,0.0,0.0,0.0,0.0,0.0
638,0.0,0.0,0.0,0.0,0.0,0.0,0.0,0.0,0.0,0.0
639,0.0,0.0,0.0,0.0,0.0,0.0,0.0,0.0,0.0,0.0
640,0.0,0.0,0.0,0.0,0.0,0.0,0.0,0.0,0.0,0.0
641,0.0,0.0,0.0,0.0,0.0,0.0,0.0,0.0,0.0,0.0
642,0.0,0.0,0.0,0.0,0.0,0.0,0.0,0.0,0.0,0.0
643,0.0,0.0,0.0,0.0,0.0,0.0,0.0,0.0,0.0,0.0
644,0.0,0.0,0.0,0.0,0.0,0.0,0.0,0.0,0.0,0.0
645,0.0,0.0,0.0,0.0,0.0,0.0,0.0,0.0,0.0,0.0
646,0.0,0.0,0.0,0.0,0.0,0.0,0.0,0.0,0.0,0.0
647,0.0,0.0,0.0,0.0,0.0,0.0,0.0,0.0,0.0,0.0
648,0.0,0.0,0.0,0.0,0.0,0.0,0.0,0.0,0.0,0.0
649,0.0,0.0,0.0,0.0,0.0,0.0,0.0,0.0,0.0,0.0
650,0.0,0.0,0.0,0.0,0.0,0.0,0.0,0.0,0.0,0.0
651,0.0,0.0,0.0,0.0,0.0,0.0,0.0,0.0,0.0,0.0
652,0.0,0.0,0.0,0.0,0.0,0.0,0.0,0.0,0.0,0.0
653,0.0,0.0,0.0,0.0,0.0,0.0,0.0,0.0,0.0,0.0
654,0.0,0.0,0.0,0.0,0.0,0.0,0.0,0.0,0.0,0.0
655,0.0,0.0,0.0,0.0,0.0,0.0,0.0,0.0,0.0,0.0
656,0.0,0.0,0.0,0.0,0.0,0.0,0.0,0.0,0.0,0.0
657,0.0,0.0,0.0,0.0,0.0,0.0,0.0,0.0,0.0,0.0
658,0.0,0.0,0.0,0.0,0.0,0.0,0.0,0.0,0.0,0.0
659,0.0,0.0,0.0,0.0,0.0,0.0,0.0,0.0,0.0,0.0
660,0.0,0.0,0.0,0.0,0.0,0.0,0.0,0.0,0.0,0.0
661,0.0,0.0,0.0,0.0,0.0,0.0,0.0,0.0,0.0,0.0
662,0.0,0.0,0.0,0.0,0.0,0.0,0.0,0.0,0.0,0.0
663,0.0,0.0,0.0,0.0,0.0,0.0,0.0,0.0,0.0,0.0
664,0.0,0.0,0.0,0.0,0.0,0.0,0.0,0.0,0.0,0.0
665,0.0,0.0,0.0,0.0,0.0,0.0,0.0,0.0,0.0,0.0
666,0.0,0.0,0.0,0.0,0.0,0.0,0.0,0.0,0.0,0.0
667,0.0,0.0,0.0,0.0,0.0,0.0,0.0,0.0,0.0,0.0
668,0.0,0.0,0.0,0.0,0.0,0.0,0.0,0.0,0.0,0.0
669,0.0,0.0,0.0,0.0,0.0,0.0,0.0,0.0,0.0,0.0
670,0.0,0.0,0.0,0.0,0.0,0.0,0.0,0.0,0.0,0.0
671,0.0,0.0,0.0,0.0,0.0,0.0,0.0,0.0,0.0,0.0
672,0.0,0.0,0.0,0.0,0.0,0.0,0.0,0.0,0.0,0.0
673,0.0,0.0,0.0,0.0,0.0,0.0,0.0,0.0,0.0,0.0
674,0.0,0.0,0.0,0.0,0.0,0.0,0.0,0.0,0.0,0.0
675,0.0,0.0,0.0,0.0,0.0,0.0,0.0,0.0,0.0,0.0
676,0.0,0.0,0.0,0.0,0.0,0.0,0.0,0.0,0.0,0.0
677,0.0,0.0,0.0,0.0,0.0,0.0,0.0,0.0,0.0,0.0
678,0.0,0.0,0.0,0.0,0.0,0.0,0.0,0.0,0.0,0.0
679,0.0,0.0,0.0,0.0,0.0,0.0,0.0,0.0,0.0,0.0
680,0.0,0.0,0.0,0.0,0.0,0.0,0.0,0.0,0.0,0.0
681,0.0,0.0,0.0,0.0,0.0,0.0,0.0,0.0,0.0,0.0
682,0.0,0.0,0.0,0.0,0.0,0.0,0.0,0.0,0.0,0.0
683,0.0,0.0,0.0,0.0,0.0,0.0,0.0,0.0,0.0,0.0
684,0.0,0.0,0.0,0.0,0.0,0.0,0.0,0.0,0.0,0.0
685,0.0,0.0,0.0,0.0,0.0,0.0,0.0,0.0,0.0,0.0
686,0.0,0.0,0.0,0.0,0.0,0.0,0.0,0.0,0.0,0.0
687,0.0,0.0,0.0,0.0,0.0,0.0,0.0,0.0,0.0,0.0
688,0.0,0.0,0.0,0.0,0.0,0.0,0.0,0.0,0.0,0.0
689,0.0,0.0,0.0,0.0,0.0,0.0,0.0,0.0,0.0,0.0
690,0.0,0.0,0.0,0.0,0.0,0.0,0.0,0.0,0.0,0.0
691,0.0,0.0,0.0,0.0,0.0,0.0,0.0,0.0,0.0,0.0
692,0.0,0.0,0.0,0.0,0.0,0.0,0.0,0.0,0.0,0.0
693,0.0,0.0,0.0,0.0,0.0,0.0,0.0,0.0,0.0,0.0
694,0.0,0.0,0.0,0.0,0.0,0.0,0.0,0.0,0.0,0.0
695,0.0,0.0,0.0,0.0,0.0,0.0,0.0,0.0,0.0,0.0
696,0.0,0.0,0.0,0.0,0.0,0.0,0.0,0.0,0.0,0.0
697,0.0,0.0,0.0,0.0,0.0,0.0,0.0,0.0,0.0,0.0
698,0.0,0.0,0.0,0.0,0.0,0.0,0.0,0.0,0.0,0.0
699,0.0,0.0,0.0,0.0,0.0,0.0,0.0,0.0,0.0,0.0
700,0.0,0.0,0.0,0.0,0.0,0.0,0.0,0.0,0.0,0.0
701,0.0,0.0,0.0,0.0,0.0,0.0,0.0,0.0,0.0,0.0
702,0.0,0.0,0.0,0.0,0.0,0.0,0.0,0.0,0.0,0.0
703,0.0,0.0,0.0,0.0,0.0,0.0,0.0,0.0,0.0,0.0
704,0.0,0.0,0.0,0.0,0.0,0.0,0.0,0.0,0.0,0.0
705,0.0,0.0,0.0,0.0,0.0,0.0,0.0,0.0,0.0,0.0
706,0.0,0.0,0.0,0.0,0.0,0.0,0.0,0.0,0.0,0.0
707,0.0,0.0,0.0,0.0,0.0,0.0,0.0,0.0,0.0,0.0
708,0.0,0.0,0.0,0.0,0.0,0.0,0.0,0.0,0.0,0.0
709,0.0,0.0,0.0,0.0,0.0,0.0,0.0,0.0,0.0,0.0
710,0.0,0.0,0.0,0.0,0.0,0.0,0.0,0.0,0.0,0.0
711,0.0,0.0,0.0,0.0,0.0,0.0,0.0,0.0,0.0,0.0
712,0.0,0.0,0.0,0.0,0.0,0.0,0.0,0.0,0.0,0.0
713,0.0,0.0,0.0,0.0,0.0,0.0,0.0,0.0,0.0,0.0
714,0.0,0.0,0.0,0.0,0.0,0.0,0.0,0.0,0.0,0.0
715,0.0,0.0,0.0,0.0,0.0,0.0,0.0,0.0,0.0,0.0
716,0.0,0.0,0.0,0.0,0.0,0.0,0.0,0.0,0.0,0.0
717,0.0,0.0,0.0,0.0,0.0,0.0,0.0,0.0,0.0,0.0
718,0.0,0.0,0.0,0.0,0.0,0.0,0.0,0.0,0.0,0.0
719,0.0,0.0,0.0,0.0,0.0,0.0,0.0,0.0,0.0,0.0
720,0.0,0.0,0.0,0.0,0.0,0.0,0.0,0.0,0.0,0.0
721,0.0,0.0,0.0,0.0,0.0,0.0,0.0,0.0,0.0,0.0
722,0.0,0.0,0.0,0.0,0.0,0.0,0.0,0.0,0.0,0.0
723,0.0,0.0,0.0,0.0,0.0,0.0,0.0,0.0,0.0,0.0
724,0.0,0.0,0.0,0.0,0.0,0.0,0.0,0.0,0.0,0.0
725,0.0,0.0,0.0,0.0,0.0,0.0,0.0,0.0,0.0,0.0
726,0.0,0.0,0.0,0.0,0.0,0.0,0.0,0.0,0.0,0.0
727,0.0,0.0,0.0,0.0,0.0,0.0,0.0,0.0,0.0,0.0
728,0.0,0.0,0.0,0.0,0.0,0.0,0.0,0.0,0.0,0.0
729,0.0,0.0,0.0,0.0,0.0,0.0,0.0,0.0,0.0,0.0
730,0.0,0.0,0.0,0.0,0.0,0.0,0.0,0.0,0.0,0.0
731,0.0,0.0,0.0,0.0,0.0,0.0,0.0,0.0,0.0,0.0
732,0.0,0.0,0.0,0.0,0.0,0.0,0.0,0.0,0.0,0.0
733,0.0,0.0,0.0,0.0,0.0,0.0,0.0,0.0,0.0,0.0
734,0.0,0.0,0.0,0.0,0.0,0.0,0.0,0.0,0.0,0.0
735,0.0,0.0,0.0,0.0,0.0,0.0,0.0,0.0,0.0,0.0
736,0.0,0.0,0.0,0.0,0.0,0.0,0.0,0.0,0.0,0.0
737,0.0,0.0,0.0,0.0,0.0,0.0,0.0,0.0,0.0,0.0
738,0.0,0.0,0.0,0.0,0.0,0.0,0.0,0.0,0.0,0.0
739,0.0,0.0,0.0,0.0,0.0,0.0,0.0,0.0,0.0,0.0
740,0.0,0.0,0.0,0.0,0.0,0.0,0.0,0.0,0.0,0.0
741,0.0,0.0,0.0,0.0,0.0,0.0,0.0,0.0,0.0,0.0
742,0.0,0.0,0.0,0.0,0.0,0.0,0.0,0.0,0.0,0.0
743,0.0,0.0,0.0,0.0,0.0,0.0,0.0,0.0,0.0,0.0
744,0.0,0.0,0.0,0.0,0.0,0.0,0.0,0.0,0.0,0.0
745,0.0,0.0,0.0,0.0,0.0,0.0,0.0,0.0,0.0,0.0
746,0.0,0.0,0.0,0.0,0.0,0.0,0.0,0.0,0.0,0.0
747,0.0,0.0,0.0,0.0,0.0,0.0,0.0,0.0,0.0,0.0
748,0.0,0.0,0.0,0.0,0.0,0.0,0.0,0.0,0.0,0.0
749,0.0,0.0,0.0,0.0,0.0,0.0,0.0,0.0,0.0,0.0
750,0.0,0.0,0.0,0.0,0.0,0.0,0.0,0.0,0.0,0.0
751,0.0,0.0,0.0,0.0,0.0,0.0,0.0,0.0,0.0,0.0
752,0.0,0.0,0.0,0.0,0.0,0.0,0.0,0.0,0.0,0.0
753,0.0,0.0,0.0,0.0,0.0,0.0,0.0,0.0,0.0,0.0
754,0.0,0.0,0.0,0.0,0.0,0.0,0.0,0.0,0.0,0.0
755,0.0,0.0,0.0,0.0,0.0,0.0,0.0,0.0,0.0,0.0
756,0.0,0.0,0.0,0.0,0.0,0.0,0.0,0.0,0.0,0.0
757,0.0,0.0,0.0,0.0,0.0,0.0,0.0,0.0,0.0,0.0
758,0.0,0.0,0.0,0.0,0.0,0.0,0.0,0.0,0.0,0.0
759,0.0,0.0,0.0,0.0,0.0,0.0,0.0,0.0,0.0,0.0
760,0.0,0.0,0.0,0.0,0.0,0.0,0.0,0.0,0.0,0.0
761,0.0,0.0,0.0,0.0,0.0,0.0,0.0,0.0,0.0,0.0
762,0.0,0.0,0.0,0.0,0.0,0.0,0.0,0.0,0.0,0.0
763,0.0,0.0,0.0,0.0,0.0,0.0,0.0,0.0,0.0,0.0
764,0.0,0.0,0.0,0.0,0.0,0.0,0.0,0.0,0.0,0.0
765,0.0,0.0,0.0,0.0,0.0,0.0,0.0,0.0,0.0,0.0
766,0.0,0.0,0.0,0.0,0.0,0.0,0.0,0.0,0.0,0.0
767,0.0,0.0,0.0,0.0,0.0,0.0,0.0,0.0,0.0,0.0
768,0.0,0.0,0.0,0.0,0.0,0.0,0.0,0.0,0.0,0.0
769,0.0,0.0,0.0,0.0,0.0,0.0,0.0,0.0,0.0,0.0
770,0.0,0.0,0.0,0.0,0.0,0.0,0.0,0.0,0.0,0.0
771,0.0,0.0,0.0,0.0,0.0,0.0,0.0,0.0,0.0,0.0
772,0.0,0.0,0.0,0.0,0.0,0.0,0.0,0.0,0.0,0.0
773,0.0,0.0,0.0,0.0,0.0,0.0,0.0,0.0,0.0,0.0
774,0.0,0.0,0.0,0.0,0.0,0.0,0.0,0.0,0.0,0.0
775,0.0,0.0,0.0,0.0,0.0,0.0,0.0,0.0,0.0,0.0
776,0.0,0.0,0.0,0.0,0.0,0.0,0.0,0.0,0.0,0.0
777,0.0,0.0,0.0,0.0,0.0,0.0,0.0,0.0,0.0,0.0
778,0.0,0.0,0.0,0.0,0.0,0.0,0.0,0.0,0.0,0.0
779,0.0,0.0,0.0,0.0,0.0,0.0,0.0,0.0,0.0,0.0
780,0.0,0.0,0.0,0.0,0.0,0.0,0.0,0.0,0.0,0.0
781,0.0,0.0,0.0,0.0,0.0,0.0,0.0,0.0,0.0,0.0
782,0.0,0.0,0.0,0.0,0.0,0.0,0.0,0.0,0.0,0.0
783,0.0,0.0,0.0,0.0,0.0,0.0,0.0,0.0,0.0,0.0
784,0.0,0.0,0.0,0.0,0.0,0.0,0.0,0.0,0.0,0.0
785,0.0,0.0,0.0,0.0,0.0,0.0,0.0,0.0,0.0,0.0
786,0.0,0.0,0.0,0.0,0.0,0.0,0.0,0.0,0.0,0.0
787,0.0,0.0,0.0,0.0,0.0,0.0,0.0,0.0,0.0,0.0
788,0.0,0.0,0.0,0.0,0.0,0.0,0.0,0.0,0.0,0.0
789,0.0,0.0,0.0,0.0,0.0,0.0,0.0,0.0,0.0,0.0
790,0.0,0.0,0.0,0.0,0.0,0.0,0.0,0.0,0.0,0.0
791,0.0,0.0,0.0,0.0,0.0,0.0,0.0,0.0,0.0,0.0
792,0.0,0.0,0.0,0.0,0.0,0.0,0.0,0.0,0.0,0.0
793,0.0,0.0,0.0,0.0,0.0,0.0,0.0,0.0,0.0,0.0
794,0.0,0.0,0.0,0.0,0.0,0.0,0.0,0.0,0.0,0.0
795,0.0,0.0,0.0,0.0,0.0,0.0,0.0,0.0,0.0,0.0
796,0.0,0.0,0.0,0.0,0.0,0.0,0.0,0.0,0.0,0.0
797,0.0,0.0,0.0,0.0,0.0,0.0,0.0,0.0,0.0,0.0
798,0.0,0.0,0.0,0.0,0.0,0.0,0.0,0.0,0.0,0.0
799,0.0,0.0,0.0,0.0,0.0,0.0,0.0,0.0,0.0,0.0
800,0.0,0.0,0.0,0.0,0.0,0.0,0.0,0.0,0.0,0.0
801,0.0,0.0,0.0,0.0,0.0,0.0,0.0,0.0,0.0,0.0
802,0.0,0.0,0.0,0.0,0.0,0.0,0.0,0.0,0.0,0.0
803,0.0,0.0,0.0,0.0,0.0,0.0,0.0,0.0,0.0,0.0
804,0.0,0.0,0.0,0.0,0.0,0.0,0.0,0.0,0.0,0.0
805,0.0,0.0,0.0,0.0,0.0,0.0,0.0,0.0,0.0,0.0
806,0.0,0.0,0.0,0.0,0.0,0.0,0.0,0.0,0.0,0.0
807,0.0,0.0,0.0,0.0,0.0,0.0,0.0,0.0,0.0,0.0
808,0.0,0.0,0.0,0.0,0.0,0.0,0.0,0.0,0.0,0.0
809,0.0,0.0,0.0,0.0,0.0,0.0,0.0,0.0,0.0,0.0
810,0.0,0.0,0.0,0.0,0.0,0.0,0.0,0.0,0.0,0.0
811,0.0,0.0,0.0,0.0,0.0,0.0,0.0,0.0,0.0,0.0
812,0.0,0.0,0.0,0.0,0.0,0.0,0.0,0.0,0.0,0.0
813,0.0,0.0,0.0,0.0,0.0,0.0,0.0,0.0,0.0,0.0
814,0.0,0.0,0.0,0.0,0.0,0.0,0.0,0.0,0.0,0.0
815,0.0,0.0,0.0,0.0,0.0,0.0,0.0,0.0,0.0,0.0
816,0.0,0.0,0.0,0.0,0.0,0.0,0.0,0.0,0.0,0.0
817,0.0,0.0,0.0,0.0,0.0,0.0,0.0,0.0,0.0,0.0
818,0.0,0.0,0.0,0.0,0.0,0.0,0.0,0.0,0.0,0.0
819,0.0,0.0,0.0,0.0,0.0,0.0,0.0,0.0,0.0,0.0
820,0.0,0.0,0.0,0.0,0.0,0.0,0.0,0.0,0.0,0.0
821,0.0,0.0,0.0,0.0,0.0,0.0,0.0,0.0,0.0,0.0
822,0.0,0.0,0.0,0.0,0.0,0.0,0.0,0.0,0.0,0.0
823,0.0,0.0,0.0,0.0,0.0,0.0,0.0,0.0,0.0,0.0
824,0.0,0.0,0.0,0.0,0.0,0.0,0.0,0.0,0.0,0.0
825,0.0,0.0,0.0,0.0,0.0,0.0,0.0,0.0,0.0,0.0
826,0.0,0.0,0.0,0.0,0.0,0.0,0.0,0.0,0.0,0.0
827,0.0,0.0,0.0,0.0,0.0,0.0,0.0,0.0,0.0,0.0
828,0.0,0.0,0.0,0.0,0.0,0.0,0.0,0.0,0.0,0.0
829,0.0,0.0,0.0,0.0,0.0,0.0,0.0,0.0,0.0,0.0
830,0.0,0.0,0.0,0.0,0.0,0.0,0.0,0.0,0.0,0.0
831,0.0,0.0,0.0,0.0,0.0,0.0,0.0,0.0,0.0,0.0
832,0.0,0.0,0.0,0.0,0.0,0.0,0.0,0.0,0.0,0.0
833,0.0,0.0,0.0,0.0,0.0,0.0,0.0,0.0,0.0,0.0
834,0.0,0.0,0.0,0.0,0.0,0.0,0.0,0.0,0.0,0.0
835,0.0,0.0,0.0,0.0,0.0,0.0,0.0,0.0,0.0,0.0
836,0.0,0.0,0.0,0.0,0.0,0.0,0.0,0.0,0.0,0.0
837,0.0,0.0,0.0,0.0,0.0,0.0,0.0,0.0,0.0,0.0
838,0.0,0.0,0.0,0.0,0.0,0.0,0.0,0.0,0.0,0.0
839,0.0,0.0,0.0,0.0,0.0,0.0,0.0,0.0,0.0,0.0
840,0.0,0.0,0.0,0.0,0.0,0.0,0.0,0.0,0.0,0.0
841,0.0,0.0,0.0,0.0,0.0,0.0,0.0,0.0,0.0,0.0
842,0.0,0.0,0.0,0.0,0.0,0.0,0.0,0.0,0.0,0.0
843,0.0,0.0,0.0,0.0,0.0,0.0,0.0,0.0,0.0,0.0
844,0.0,0.0,0.0,0.0,0.0,0.0,0.0,0.0,0.0,0.0
845,0.0,0.0,0.0,0.0,0.0,0.0,0.0,0.0,0.0,0.0
846,0.0,0.0,0.0,0.0,0.0,0.0,0.0,0.0,0.0,0.0
847,0.0,0.0,0.0,0.0,0.0,0.0,0.0,0.0,0.0,0.0
848,0.0,0.0,0.0,0.0,0.0,0.0,0.0,0.0,0.0,0.0
849,0.0,0.0,0.0,0.0,0.0,0.0,0.0,0.0,0.0,0.0
850,0.0,0.0,0.0,0.0,0.0,0.0,0.0,0.0,0.0,0.0
851,0.0,0.0,0.0,0.0,0.0,0.0,0.0,0.0,0.0,0.0
852,0.0,0.0,0.0,0.0,0.0,0.0,0.0,0.0,0.0,0.0
853,0.0,0.0,0.0,0.0,0.0,0.0,0.0,0.0,0.0,0.0
854,0.0,0.0,0.0,0.0,0.0,0.0,0.0,0.0,0.0,0.0
855,0.0,0.0,0.0,0.0,0.0,0.0,0.0,0.0,0.0,0.0
856,0.0,0.0,0.0,0.0,0.0,0.0,0.0,0.0,0.0,0.0
857,0.0,0.0,0.0,0.0,0.0,0.0,0.0,0.0,0.0,0.0
858,0.0,0.0,0.0,0.0,0.0,0.0,0.0,0.0,0.0,0.0
859,0.0,0.0,0.0,0.0,0.0,0.0,0.0,0.0,0.0,0.0
860,0.0,0.0,0.0,0.0,0.0,0.0,0.0,0.0,0.0,0.0
861,0.0,0.0,0.0,0.0,0.0,0.0,0.0,0.0,0.0,0.0
862,0.0,0.0,0.0,0.0,0.0,0.0,0.0,0.0,0.0,0.0
863,0.0,0.0,0.0,0.0,0.0,0.0,0.0,0.0,0.0,0.0
864,0.0,0.0,0.0,0.0,0.0,0.0,0.0,0.0,0.0,0.0
865,0.0,0.0,0.0,0.0,0.0,0.0,0.0,0.0,0.0,0.0
866,0.0,0.0,0.0,0.0,0.0,0.0,0.0,0.0,0.0,0.0
867,0.0,0.0,0.0,0.0,0.0,0.0,0.0,0.0,0.0,0.0
868,0.0,0.0,0.0,0.0,0.0,0.0,0.0,0.0,0.0,0.0
869,0.0,0.0,0.0,0.0,0.0,0.0,0.0,0.0,0.0,0.0
870,0.0,0.0,0.0,0.0,0.0,0.0,0.0,0.0,0.0,0.0
871,0.0,0.0,0.0,0.0,0.0,0.0,0.0,0.0,0.0,0.0
872,0.0,0.0,0.0,0.0,0.0,0.0,0.0,0.0,0.0,0.0
873,0.0,0.0,0.0,0.0,0.0,0.0,0.0,0.0,0.0,0.0
874,0.0,0.0,0.0,0.0,0.0,0.0,0.0,0.0,0.0,0.0
875,0.0,0.0,0.0,0.0,0.0,0.0,0.0,0.0,0.0,0.0
876,0.0,0.0,0.0,0.0,0.0,0.0,0.0,0.0,0.0,0.0
877,0.0,0.0,0.0,0.0,0.0,0.0,0.0,0.0,0.0,0.0
878,0.0,0.0,0.0,0.0,0.0,0.0,0.0,0.0,0.0,0.0
879,0.0,0.0,0.0,0.0,0.0,0.0,0.0,0.0,0.0,0.0
880,0.0,0.0,0.0,0.0,0.0,0.0,0.0,0.0,0.0,0.0
881,0.0,0.0,0.0,0.0,0.0,0.0,0.0,0.0,0.0,0.0
882,0.0,0.0,0.0,0.0,0.0,0.0,0.0,0.0,0.0,0.0
883,0.0,0.0,0.0,0.0,0.0,0.0,0.0,0.0,0.0,0.0
884,0.0,0.0,0.0,0.0,0.0,0.0,0.0,0.0,0.0,0.0
885,0.0,0.0,0.0,0.0,0.0,0.0,0.0,0.0,0.0,0.0
886,0.0,0.0,0.0,0.0,0.0,0.0,0.0,0.0,0.0,0.0
887,0.0,0.0,0.0,0.0,0.0,0.0,0.0,0.0,0.0,0.0
888,0.0,0.0,0.0,0.0,0.0,0.0,0.0,0.0,0.0,0.0
889,0.0,0.0,0.0,0.0,0.0,0.0,0.0,0.0,0.0,0.0
890,0.0,0.0,0.0,0.0,0.0,0.0,0.0,0.0,0.0,0.0
891,0.0,0.0,0.0,0.0,0.0,0.0,0.0,0.0,0.0,0.0
892,0.0,0.0,0.0,0.0,0.0,0.0,0.0,0.0,0.0,0.0
893,0.0,0.0,0.0,0.0,0.0,0.0,0.0,0.0,0.0,0.0
894,0.0,0.0,0.0,0.0,0.0,0.0,0.0,0.0,0.0,0.0
895,0.0,0.0,0.0,0.0,0.0,0.0,0.0,0.0,0.0,0.0
896,0.0,0.0,0.0,0.0,0.0,0.0,0.0,0.0,0.0,0.0
897,0.0,0.0,0.0,0.0,0.0,0.0,0.0,0.0,0.0,0.0
898,0.0,0.0,0.0,0.0,0.0,0.0,0.0,0.0,0.0,0.0
899,0.0,0.0,0.0,0.0,0.0,0.0,0.0,0.0,0.0,0.0
900,0.0,0.0,0.0,0.0,0.0,0.0,0.0,0.0,0.0,0.0
901,0.0,0.0,0.0,0.0,0.0,0.0,0.0,0.0,0.0,0.0
902,0.0,0.0,0.0,0.0,0.0,0.0,0.0,0.0,0.0,0.0
903,0.0,0.0,0.0,0.0,0.0,0.0,0.0,0.0,0.0,0.0
904,0.0,0.0,0.0,0.0,0.0,0.0,0.0,0.0,0.0,0.0
905,0.0,0.0,0.0,0.0,0.0,0.0,0.0,0.0,0.0,0.0
906,0.0,0.0,0.0,0.0,0.0,0.0,0.0,0.0,0.0,0.0
907,0.0,0.0,0.0,0.0,0.0,0.0,0.0,0.0,0.0,0.0
908,0.0,0.0,0.0,0.0,0.0,0.0,0.0,0.0,0.0,0.0
909,0.0,0.0,0.0,0.0,0.0,0.0,0.0,0.0,0.0,0.0
910,0.0,0.0,0.0,0.0,0.0,0.0,0.0,0.0,0.0,0.0
911,0.0,0.0,0.0,0.0,0.0,0.0,0.0,0.0,0.0,0.0
912,0.0,0.0,0.0,0.0,0.0,0.0,0.0,0.0,0.0,0.0
913,0.0,0.0,0.0,0.0,0.0,0.0,0.0,0.0,0.0,0.0
914,0.0,0.0,0.0,0.0,0.0,0.0,0.0,0.0,0.0,0.0
915,0.0,0.0,0.0,0.0,0.0,0.0,0.0,0.0,0.0,0.0
916,0.0,0.0,0.0,0.0,0.0,0.0,0.0,0.0,0.0,0.0
917,0.0,0.0,0.0,0.0,0.0,0.0,0.0,0.0,0.0,0.0
918,0.0,0.0,0.0,0.0,0.0,0.0,0.0,0.0,0.0,0.0
919,0.0,0.0,0.0,0.0,0.0,0.0,0.0,0.0,0.0,0.0
920,0.0,0.0,0.0,0.0,0.0,0.0,0.0,0.0,0.0,0.0
921,0.0,0.0,0.0,0.0,0.0,0.0,0.0,0.0,0.0,0.0
922,0.0,0.0,0.0,0.0,0.0,0.0,0.0,0.0,0.0,0.0
923,0.0,0.0,0.0,0.0,0.0,0.0,0.0,0.0,0.0,0.0
924,0.0,0.0,0.0,0.0,0.0,0.0,0.0,0.0,0.0,0.0
925,0.0,0.0,0.0,0.0,0.0,0.0,0.0,0.0,0.0,0.0
926,0.0,0.0,0.0,0.0,0.0,0.0,0.0,0.0,0.0,0.0
927,0.0,0.0,0.0,0.0,0.0,0.0,0.0,0.0,0.0,0.0
928,0.0,0.0,0.0,0.0,0.0,0.0,0.0,0.0,0.0,0.0
929,0.0,0.0,0.0,0.0,0.0,0.0,0.0,0.0,0.0,0.0
930,0.0,0.0,0.0,0.0,0.0,0.0,0.0,0.0,0.0,0.0
931,0.0,0.0,0.0,0.0,0.0,0.0,0.0,0.0,0.0,0.0
932,0.0,0.0,0.0,0.0,0.0,0.0,0.0,0.0,0.0,0.0
933,0.0,0.0,0.0,0.0,0.0,0.0,0.0,0.0,0.0,0.0
934,0.0,0.0,0.0,0.0,0.0,0.0,0.0,0.0,0.0,0.0
935,0.0,0.0,0.0,0.0,0.0,0.0,0.0,0.0,0.0,0.0
936,0.0,0.0,0.0,0.0,0.0,0.0,0.0,0.0,0.0,0.0
937,0.0,0.0,0.0,0.0,0.0,0.0,0.0,0.0,0.0,0.0
938,0.0,0.0,0.0,0.0,0.0,0.0,0.0,0.0,0.0,0.0
939,0.0,0.0,0.0,0.0,0.0,0.0,0.0,0.0,0.0,0.0
940,0.0,0.0,0.0,0.0,0.0,0.0,0.0,0.0,0.0,0.0
941,0.0,0.0,0.0,0.0,0.0,0.0,0.0,0.0,0.0,0.0
942,0.0,0.0,0.0,0.0,0.0,0.0,0.0,0.0,0.0,0.0
943,0.0,0.0,0.0,0.0,0.0,0.0,0.0,0.0,0.0,0.0
944,0.0,0.0,0.0,0.0,0.0,0.0,0.0,0.0,0.0,0.0
945,0.0,0.0,0.0,0.0,0.0,0.0,0.0,0.0,0.0,0.0
946,0.0,0.0,0.0,0.0,0.0,0.0,0.0,0.0,0.0,0.0
947,0.0,0.0,0.0,0.0,0.0,0.0,0.0,0.0,0.0,0.0
948,0.0,0.0,0.0,0.0,0.0,0.0,0.0,0.0,0.0,0.0
949,0.0,0.0,0.0,0.0,0.0,0.0,0.0,0.0,0.0,0.0
950,0.0,0.0,0.0,0.0,0.0,0.0,0.0,0.0,0.0,0.0
951,0.0,0.0,0.0,0.0,0.0,0.0,0.0,0.0,0.0,0.0
952,0.0,0.0,0.0,0.0,0.0,0.0,0.0,0.0,0.0,0.0
953,0.0,0.0,0.0,0.0,0.0,0.0,0.0,0.0,0.0,0.0
954,0.0,0.0,0.0,0.0,0.0,0.0,0.0,0.0,0.0,0.0
955,0.0,0.0,0.0,0.0,0.0,0.0,0.0,0.0,0.0,0.0
956,0.0,0.0,0.0,0.0,0.0,0.0,0.0,0.0,0.0,0.0
957,0.0,0.0,0.0,0.0,0.0,0.0,0.0,0.0,0.0,0.0
958,0.0,0.0,0.0,0.0,0.0,0.0,0.0,0.0,0.0,0.0
959,0.0,0.0,0.0,0.0,0.0,0.0,0.0,0.0,0.0,0.0
960,0.0,0.0,0.0,0.0,0.0,0.0,0.0,0.0,0.0,0.0
961,0.0,0.0,0.0,0.0,0.0,0.0,0.0,0.0,0.0,0.0
962,0.0,0.0,0.0,0.0,0.0,0.0,0.0,0.0,0.0,0.0
963,0.0,0.0,0.0,0.0,0.0,0.0,0.0,0.0,0.0,0.0
964,0.0,0.0,0.0,0.0,0.0,0.0,0.0,0.0,0.0,0.0
965,0.0,0.0,0.0,0.0,0.0,0.0,0.0,0.0,0.0,0.0
966,0.0,0.0,0.0,0.0,0.0,0.0,0.0,0.0,0.0,0.0
967,0.0,0.0,0.0,0.0,0.0,0.0,0.0,0.0,0.0,0.0
968,0.0,0.0,0.0,0.0,0.0,0.0,0.0,0.0,0.0,0.0
969,0.0,0.0,0.0,0.0,0.0,0.0,0.0,0.0,0.0,0.0
970,0.0,0.0,0.0,0.0,0.0,0.0,0.0,0.0,0.0,0.0
971,0.0,0.0,0.0,0.0,0.0,0.0,0.0,0.0,0.0,0.0
972,0.0,0.0,0.0,0.0,0.0,0.0,0.0,0.0,0.0,0.0
973,0.0,0.0,0.0,0.0,0.0,0.0,0.0,0.0,0.0,0.0
974,0.0,0.0,0.0,0.0,0.0,0.0,0.0,0.0,0.0,0.0
975,0.0,0.0,0.0,0.0,0.0,0.0,0.0,0.0,0.0,0.0
976,0.0,0.0,0.0,0.0,0.0,0.0,0.0,0.0,0.0,0.0
977,0.0,0.0,0.0,0.0,0.0,0.0,0.0,0.0,0.0,0.0
978,0.0,0.0,0.0,0.0,0.0,0.0,0.0,0.0,0.0,0.0
979,0.0,0.0,0.0,0.0,0.0,0.0,0.0,0.0,0.0,0.0
980,0.0,0.0,0.0,0.0,0.0,0.0,0.0,0.0,0.0,0.0
981,0.0,0.0,0.0,0.0,0.0,0.0,0.0,0.0,0.0,0.0
982,0.0,0.0,0.0,0.0,0.0,0.0,0.0,0.0,0.0,0.0
983,0.0,0.0,0.0,0.0,0.0,0.0,0.0,0.0,0.0,0.0
984,0.0,0.0,0.0,0.0,0.0,0.0,0.0,0.0,0.0,0.0
985,0.0,0.0,0.0,0.0,0.0,0.0,0.0,0.0,0.0,0.0
986,0.0,0.0,0.0,0.0,0.0,0.0,0.0,0.0,0.0,0.0
987,0.0,0.0,0.0,0.0,0.0,0.0,0.0,0.0,0.0,0.0
988,0.0,0.0,0.0,0.0,0.0,0.0,0.0,0.0,0.0,0.0
989,0.0,0.0,0.0,0.0,0.0,0.0,0.0,0.0,0.0,0.0
990,0.0,0.0,0.0,0.0,0.0,0.0,0.0,0.0,0.0,0.0
991,0.0,0.0,0.0,0.0,0.0,0.0,0.0,0.0,0.0,0.0
992,0.0,0.0,0.0,0.0,0.0,0.0,0.0,0.0,0.0,0.0
993,0.0,0.0,0.0,0.0,0.0,0.0,0.0,0.0,0.0,0.0
994,0.0,0.0,0.0,0.0,0.0,0.0,0.0,0.0,0.0,0.0
995,0.0,0.0,0.0,0.0,0.0,0.0,0.0,0.0,0.0,0.0
996,0.0,0.0,0.0,0.0,0.0,0.0,0.0,0.0,0.0,0.0
997,0.0,0.0,0.0,0.0,0.0,0.0,0.0,0.0,0.0,0.0
998,0.0,0.0,0.0,0.0,0.0,0.0,0.0,0.0,0.0,0.0
999,0.0,0.0,0.0,0.0,0.0,0.0,0.0,0.0,0.0,0.0
