generation,run_1,run_2
0,312.2064423528145,298.47670275549933
1,3.1532351617850543,17.612485232453366
2,2.5972888864457593,5.160134771435026
3,2.5972888864457593,4.919732183270977
4,2.5972888864457593,4.919732183270977
5,2.5972888864457593,4.919732183270977
6,37.17438833171565,4.919732183270977
7,42.01261703030572,21.202871123360097
8,33.28190257399626,27.20407226087504
9,21.951465248216337,27.20407226087504
10,21.394010467234477,30.430723916025958
11,21.394010467234477,30.430723916025958
12,21.394010467234477,30.430723916025958
13,21.394010467234477,30.430723916025958
14,23.39782425359768,28.48619682071812
15,23.39782425359768,28.48619682071812
16,23.39782425359768,22.67732193191874
17,52.46958511672171,22.67732193191874
18,52.46958511672171,22.67732193191874
19,20.700138762840925,20.80180400926983
20,18.251653828975183,20.80180400926983
21,18.251653828975183,20.557588384252718
22,18.251653828975183,20.557588384252718
23,18.251653828975183,20.557588384252718
24,22.810872347549953,20.557588384252718
25,22.810872347549953,21.634279876987247
26,24.54602416896538,22.204424426213492
27,53.468031576513866,22.204424426213492
28,17.51567580593898,22.338820143397083
29,17.51567580593898,22.338820143397083
30,15.94211742318607,37.63397448639392
31,15.94211742318607,16.873696531510795
32,15.94211742318607,15.882142476069417
33,15.94211742318607,13.858177057671716
34,15.98321099877209,13.858177057671716
35,12.962269745144955,13.858177057671716
36,12.962269745144955,13.858177057671716
37,12.962269745144955,17.66569183928404
38,12.962269745144955,40.711168802598046
39,16.72060650928282,7.948060752053845
40,17.567350030908475,7.948060752053845
41,17.567350030908475,7.948060752053845
42,12.2757846589634,7.948060752053845
43,12.2757846589634,9.928363263308023
44,12.2757846589634,9.928363263308023
45,12.2757846589634,9.555872439256014
46,13.629385005440165,9.555872439256014
47,13.629385005440165,9.555872439256014
48,13.629385005440165,9.555872439256014
49,11.090050579124991,15.500897908561626
50,11.090050579124991,12.066711098112435
51,9.220747585897659,12.066711098112435
52,9.220747585897659,10.484859702892804
53,9.220747585897659,10.484859702892804
54,9.220747585897659,10.484859702892804
55,9.415645134038375,4.665469943278666
56,9.415645134038375,4.665469943278666
57,9.415645134038375,4.665469943278666
58,9.415645134038375,4.665469943278666
59,11.07723567789373,5.626940883208322
60,9.017288351873336,6.974686763297348
61,8.105843877692713,7.605069529300447
62,8.105843877692713,7.605069529300447
63,8.105843877692713,9.964677308884449
64,8.105843877692713,23.320032659556414
65,9.934946852994846,21.977188860971687
66,8.992973892224938,21.977188860971687
67,8.992973892224938,21.660410723452195
68,8.992973892224938,21.493808654167864
69,7.732778303058695,20.752935458990674
70,7.083394317109772,7.4116791154266775
71,7.083394317109772,7.4116791154266775
72,7.083394317109772,7.4116791154266775
73,7.083394317109772,7.4116791154266775
74,7.302708669800494,4.711797213181595
75,6.592226263364221,4.251154301634791
76,6.592226263364221,4.251154301634791
77,6.592226263364221,4.251154301634791
78,5.7949066903418105,4.251154301634791
79,5.7949066903418105,6.123719685215749
80,5.7949066903418105,6.123719685215749
81,5.7949066903418105,3.8630913989624025
82,6.250455822006663,3.8630913989624025
83,6.250455822006663,3.8630913989624025
84,6.250455822006663,3.8630913989624025
85,6.250455822006663,5.269250832831266
86,5.2958998548046345,5.269250832831266
87,5.2958998548046345,5.269250832831266
88,5.2958998548046345,5.269250832831266
89,5.2958998548046345,3.1401522370756236
90,5.234771794012034,3.1401522370756236
91,5.234771794012034,3.1401522370756236
92,4.985632868042693,3.1401522370756236
93,4.260187980500423,3.447803252011801
94,4.260187980500423,3.447803252011801
95,4.260187980500423,3.447803252011801
96,4.260187980500423,3.1441802145259445
97,5.355788950923556,3.1441802145259445
98,4.103647754267517,3.1441802145259445
99,4.103647754267517,3.1441802145259445
100,3.832065178823248,3.866445301754679
101,3.832065178823248,3.866445301754679
102,3.832065178823248,3.866445301754679
103,3.832065178823248,3.866445301754679
104,3.622987364299435,4.657783569903916
105,3.622987364299435,4.657783569903916
106,3.622987364299435,9.507520328574843
107,3.622987364299435,3.8087622523294105
108,3.6990906100864858,3.507866172285101
109,3.6990906100864858,3.507866172285101
110,3.6049684597916176,3.507866172285101
111,3.6049684597916176,3.507866172285101
112,3.5814623668688323,3.6564586409273754
113,3.5814623668688323,3.6564586409273754
114,3.4192267463126247,4.037691791088129
115,2.9963625634160422,2.9762645936478305
116,2.800958429580286,2.75263136852433
117,2.800958429580286,2.75263136852433
118,2.800958429580286,2.748143628200882
119,2.800958429580286,2.748143628200882
120,3.037575219447483,2.748143628200882
121,3.438843530065064,2.748143628200882
122,3.438843530065064,5.1457752102100285
123,3.4660225974308556,5.1457752102100285
124,3.4660225974308556,2.7805560137257417
125,2.942153236812478,2.2781339037790573
126,2.6965324608754306,2.2781339037790573
127,2.6965324608754306,2.2781339037790573
128,2.6965324608754306,2.2781339037790573
129,2.6965324608754306,2.5089054998848876
130,5.966524062361111,2.435675350495126
131,5.858441042675131,2.435675350495126
132,5.77526388500798,2.435675350495126
133,5.566402980911727,2.435675350495126
134,5.551282693091088,5.300200390398661
135,2.4490033341174744,2.791066109874009
136,2.4490033341174744,2.791066109874009
137,2.4490033341174744,2.755794192559643
138,1.9747425020943352,2.4213248048163454
139,1.9747425020943352,2.4213248048163454
140,1.9747425020943352,2.1707996700629395
141,1.9747425020943352,2.1707996700629395
142,1.9717200682987501,2.1707996700629395
143,1.9717200682987501,2.1707996700629395
144,1.9717200682987501,2.2475341226239998
145,1.9717200682987501,2.319676367367956
146,2.1191315177054486,2.5000436866012397
147,2.1191315177054486,2.5000436866012397
148,1.8567953042494985,2.5000436866012397
149,1.8567953042494985,2.5000436866012397
150,1.8567953042494985,3.9467389232797063
151,1.8567953042494985,3.9467389232797063
152,2.047496691147108,2.2440633338857303
153,2.047496691147108,1.879599777850202
154,2.047496691147108,1.879599777850202
155,3.6494757047232347,1.879599777850202
156,1.7457805898472227,1.709891950776957
157,1.7457805898472227,1.709891950776957
158,1.7457805898472227,1.709891950776957
159,1.7457805898472227,1.709891950776957
160,1.8421032528216132,1.7971686227223662
161,1.8421032528216132,1.7971686227223662
162,1.8421032528216132,1.7485690161105816
163,1.7310167171442101,1.7485690161105816
164,1.7310167171442101,1.6397107046204658
165,1.7310167171442101,1.6397107046204658
166,1.7310167171442101,1.6397107046204658
167,1.7914877593882363,1.6397107046204658
168,2.110908504833072,1.709136739346155
169,1.704185988981974,1.7220997041446986
170,1.5833009759158445,1.574326995640659
171,1.5833009759158445,1.574326995640659
172,1.5833009759158445,1.574326995640659
173,1.5833009759158445,1.574326995640659
174,1.4761424275054513,1.5458355383323776
175,1.4761424275054513,1.5458355383323776
176,1.4761424275054513,1.5458355383323776
177,1.4761424275054513,1.5458355383323776
178,1.4857630106975024,1.5884025221404847
179,1.4857630106975024,1.5884025221404847
180,2.0266417184531833,2.071533784987457
181,1.6551527325481366,2.071533784987457
182,1.6551527325481366,1.5015508032524747
183,1.6551527325481366,1.5015508032524747
184,1.486208759250224,1.3731250607911614
185,1.486208759250224,1.3731250607911614
186,1.486208759250224,1.3731250607911614
187,1.4298605323897813,1.3731250607911614
188,1.4298605323897813,1.3982918008745568
189,1.4298605323897813,1.3982918008745568
190,1.4298605323897813,1.404459775351134
191,1.4410361766607016,1.404459775351134
192,1.4968152564558386,1.404459775351134
193,1.3606082645727238,1.404459775351134
194,1.2525996071569023,1.441657536737989
195,1.2525996071569023,1.3206748590285986
196,1.2525996071569023,1.3206748590285986
197,1.2525996071569023,1.3206748590285986
198,1.3756915523520874,1.3206748590285986
199,1.3756915523520874,1.337655719023347
200,1.3756915523520874,1.337655719023347
201,1.3756915523520874,1.944467671383697
202,1.922635316150113,1.296681321210498
203,1.3804555152192806,1.296681321210498
204,1.3161464878309033,1.296681321210498
205,1.3161464878309033,1.296681321210498
206,1.3030722533629042,1.2204343822076944
207,1.3030722533629042,1.2204343822076944
208,1.3030722533629042,1.2204343822076944
209,1.266057410462187,1.2204343822076944
210,1.2297638423230313,1.7983566317957975
211,1.2297638423230313,1.3081701128754555
212,1.2297638423230313,1.2788687485819914
213,1.2297638423230313,1.2689041267575438
214,1.3052073733123992,1.2689041267575438
215,1.3473489551932962,1.2689041267575438
216,1.3634397151929887,1.2689041267575438
217,1.3634397151929887,1.6754980579161463
218,1.3473125851329106,1.2223727476946986
219,1.2174458760562425,1.2223727476946986
220,1.2174458760562425,1.2223727476946986
221,1.2174458760562425,1.2223727476946986
222,1.2160970287513493,1.1682024950836076
223,1.2160970287513493,1.1682024950836076
224,1.2160970287513493,1.1682024950836076
225,1.1101308110035986,1.1682024950836076
226,1.1101308110035986,1.1888035845788008
227,1.1101308110035986,1.19148272121859
228,1.1101308110035986,1.2127629497925994
229,1.3463068414300094,1.233188840924382
230,1.518241468195133,1.1827077492939708
231,1.4854010795610917,1.1827077492939708
232,1.1074141396045847,1.1827077492939708
233,1.1074141396045847,1.1535395904925823
234,1.1074141396045847,1.1535395904925823
235,1.1074141396045847,1.1535395904925823
236,1.1252145459428569,1.149630517864464
237,1.1252145459428569,1.149630517864464
238,1.1252145459428569,1.149630517864464
239,1.1252145459428569,1.149630517864464
240,1.1301333335708372,1.130679529461386
241,1.1301333335708372,1.130679529461386
242,1.181902770808278,1.130679529461386
243,1.0711124283436873,1.130679529461386
244,1.0711124283436873,1.1155986143640744
245,1.0711124283436873,1.1155986143640744
246,1.0711124283436873,1.1155986143640744
247,1.3317413739141828,1.1155986143640744
248,1.3317413739141828,1.1181917689251115
249,1.1182473531303792,1.339361817135995
250,1.0689856110180669,1.0925196594671358
251,1.0689856110180669,1.0925196594671358
252,1.0689856110180669,1.0925196594671358
253,1.0689856110180669,1.0925196594671358
254,1.1098865266856126,1.1816516638409622
255,1.1098865266856126,1.0859256994865942
256,1.1776580175074773,1.0859256994865942
257,1.0693617433612188,1.0859256994865942
258,1.0693617433612188,1.0859256994865942
259,1.0693617433612188,1.0847222471246591
260,1.0693617433612188,1.0737596432564045
261,1.0798375975601713,1.0737596432564045
262,1.0798375975601713,1.0737596432564045
263,1.013193446877497,1.0737596432564045
264,1.013193446877497,1.0932114660664976
265,1.013193446877497,1.0932114660664976
266,1.013193446877497,1.0932114660664976
267,1.0634075668099396,1.1245941824029653
268,1.0634075668099396,1.1245941824029653
269,1.0634075668099396,1.20524879088247
270,1.0634075668099396,1.2033183875371865
271,1.038872660969551,1.1985354179206242
272,1.038872660969551,1.193249267051556
273,1.038872660969551,1.0679637730038556
274,1.038872660969551,1.0679637730038556
275,1.0912560954127009,1.0502763309208
276,1.1293748147007447,1.0502763309208
277,1.063073774407839,1.0502763309208
278,1.063073774407839,1.0502763309208
279,0.9839667818935617,1.0513988091308
280,0.9839667818935617,1.0513988091308
281,0.9839667818935617,1.0722339599551192
282,0.9839667818935617,1.0722339599551192
283,1.0038570734735535,1.0722339599551192
284,1.0517348012684022,1.1300122350265704
285,1.0517348012684022,0.9770321003305432
286,1.0517348012684022,0.9770321003305432
287,1.0517348012684022,0.9770321003305432
288,1.0581337281752314,0.9770321003305432
289,1.1089290319321798,1.0631051353616365
290,1.103126780316411,1.0631051353616365
291,1.103126780316411,0.8969932096974472
292,1.103126780316411,0.8969932096974472
293,1.101492493806418,0.8969932096974472
294,1.048769379893631,0.8969932096974472
295,0.9833768172748308,1.0931297107331082
296,0.9833768172748308,1.0931297107331082
297,0.9833768172748308,0.8892271222991538
298,0.9073891961777303,0.8892271222991538
299,0.9073891961777303,0.8892271222991538
300,0.9073891961777303,0.8892271222991538
301,0.9073891961777303,0.9176710563017185
302,1.056408897551558,0.9176710563017185
303,1.056408897551558,0.9176710563017185
304,1.056408897551558,0.9176710563017185
305,0.9490762042246367,1.0199567394629685
306,0.9490762042246367,1.0199567394629685
307,0.7891486108382163,1.0199567394629685
308,0.7891486108382163,1.0199567394629685
309,0.7891486108382163,1.0745346050023712
310,0.7891486108382163,1.0745346050023712
311,0.9148939452967247,1.0745346050023712
312,0.9148939452967247,1.070001108680311
313,0.6771747400063405,1.0652746448918031
314,0.6771747400063405,1.0652746448918031
315,0.6771747400063405,0.638595246786259
316,0.6771747400063405,0.638595246786259
317,0.7478709853790503,0.638595246786259
318,0.7478709853790503,0.638595246786259
319,0.7478709853790503,0.7840038741187874
320,1.0501712108030725,0.7840038741187874
321,1.0501712108030725,0.7937250646133471
322,0.7434668152355677,0.7937250646133471
323,0.7434668152355677,1.0283276514132857
324,0.7434668152355677,1.0283276514132857
325,0.7212141762762209,0.9915565512395259
326,0.7212141762762209,0.7858567687494842
327,0.5929599662812437,0.7858567687494842
328,0.5929599662812437,0.7858567687494842
329,0.5485191096747134,0.6224915849547127
330,0.5485191096747134,0.6224915849547127
331,0.49951629833616373,0.6224915849547127
332,0.49951629833616373,0.6224915849547127
333,0.49951629833616373,0.9360369915999887
334,0.49951629833616373,0.9360369915999887
335,0.580671463313668,0.5782868604301934
336,0.580671463313668,0.5782868604301934
337,0.580671463313668,0.5782868604301934
338,0.44409613711062623,0.41843075593696755
339,0.44409613711062623,0.41843075593696755
340,0.3324623198028084,0.41843075593696755
341,0.3324623198028084,0.3829211666951957
342,0.3324623198028084,0.3829211666951957
343,0.3324623198028084,0.3829211666951957
344,0.6914794699339305,0.3829211666951957
345,0.856963089935449,0.48704522921610827
346,0.26164331836132937,0.48704522921610827
347,0.26164331836132937,0.3501837401116442
348,0.26164331836132937,0.3501837401116442
349,0.26164331836132937,0.3501837401116442
350,0.46432495178123123,0.3501837401116442
351,0.46432495178123123,0.37264497839759536
352,0.46432495178123123,0.37264497839759536
353,0.7607954901067533,0.37264497839759536
354,0.7607954901067533,0.573005778176854
355,0.7013338609556481,0.35410926814558064
356,0.47766264791596114,0.35410926814558064
357,0.47766264791596114,0.34630855955601725
358,0.47766264791596114,0.34630855955601725
359,0.3735233971182037,0.34630855955601725
360,0.32752741286351217,0.34630855955601725
361,0.32752741286351217,0.4979075173416908
362,0.32752741286351217,0.4979075173416908
363,0.32752741286351217,0.26553895892720514
364,0.4320483235844942,0.26553895892720514
365,0.38218103275254134,0.26553895892720514
366,0.23001787562396203,0.26553895892720514
367,0.23001787562396203,0.30077723648140964
368,0.20698305143514661,0.3400207180061052
369,0.20698305143514661,0.3400207180061052
370,0.20698305143514661,0.3400207180061052
371,0.20698305143514661,0.6022768074497478
372,0.3398618579025363,0.6022768074497478
373,0.3398618579025363,0.5674639734535379
374,0.22013936844347315,0.3289701846582811
375,0.17886138898923964,0.3289701846582811
376,0.17886138898923964,0.3289701846582811
377,0.11184957998075173,0.2728021631262787
378,0.11184957998075173,0.2728021631262787
379,0.11184957998075173,0.2728021631262787
380,0.11184957998075173,0.2728021631262787
381,0.17623616946299514,0.5086423578754056
382,0.17623616946299514,0.5086423578754056
383,0.08128177244669665,0.2881404792358081
384,0.08128177244669665,0.2037947926025323
385,0.08128177244669665,0.2037947926025323
386,0.08128177244669665,0.2037947926025323
387,0.141952940845942,0.2037947926025323
388,0.141952940845942,0.1905105489063068
389,0.38819365395217076,0.1905105489063068
390,0.01714800695416685,0.1890138624619152
391,0.01714800695416685,0.1890138624619152
392,0.01714800695416685,0.1890138624619152
393,0.01714800695416685,0.1890138624619152
394,0.1400775532755575,0.2141451855806895
395,0.1400775532755575,0.2141451855806895
396,0.2160632352721642,0.4528525881129668
397,0.2160632352721642,0.38803414425003924
398,0.2160632352721642,0.38803414425003924
399,0.2160632352721642,0.38803414425003924
400,0.19695990176432077,0.1551639010008724
401,0.19695990176432077,0.1551639010008724
402,0.19612482435827683,0.1551639010008724
403,0.18793316515681413,0.1551639010008724
404,0.03079681138710466,0.16249019396730502
405,0.03079681138710466,0.37429359129410644
406,0.03079681138710466,0.12956473106342892
407,0.03079681138710466,0.12956473106342892
408,0.1397703836412033,0.12746224584953258
409,0.1397703836412033,0.10471553839947123
410,0.12576358069295634,0.10471553839947123
411,0.12576358069295634,0.10471553839947123
412,0.03073054202234926,0.10471553839947123
413,0.03073054202234926,0.09051943906780102
414,0.03073054202234926,0.09051943906780102
415,0.03073054202234926,0.09051943906780102
416,0.0638932824938625,0.09051943906780102
417,0.0638932824938625,0.10413868691160066
418,0.0638932824938625,0.07435415748413843
419,0.008211916899885208,0.07435415748413843
420,0.008211916899885208,0.07435415748413843
421,0.008211916899885208,0.07435415748413843
422,0.008211916899885208,0.07715948918009896
423,0.09566368325448882,0.07715948918009896
424,0.09566368325448882,0.0589396254675606
425,0.04199842093177453,0.0589396254675606
426,0.04199842093177453,0.0589396254675606
427,0.04199842093177453,0.0589396254675606
428,0.016534512247756927,0.06617670536291531
429,0.014536987996380257,0.06617670536291531
430,0.014536987996380257,0.22889979537111405
431,0.014536987996380257,0.12270223222349286
432,0.014536987996380257,0.0715413859256323
433,0.01844684107172856,0.0715413859256323
434,0.01844684107172856,0.0715413859256323
435,0.04894781263308268,0.06658366542138161
436,0.04894781263308268,0.06658366542138161
437,0.03586976924119789,0.06658366542138161
438,0.03586976924119789,0.06658366542138161
439,0.03586976924119789,0.07624046745311319
440,0.03586976924119789,0.061575328244758865
441,0.03946851669984519,0.0520788790637986
442,0.03946851669984519,0.0520788790637986
443,0.03946851669984519,0.0520788790637986
444,0.007872717117542227,0.0520788790637986
445,0.007872717117542227,0.04208728294068309
446,0.007872717117542227,0.04208728294068309
447,0.007872717117542227,0.04208728294068309
448,0.04116864333342096,0.04208728294068309
449,0.07342905057069005,0.0462022811876549
450,0.07818125942155041,0.0462022811876549
451,0.06572440052033346,0.0462022811876549
452,0.05452560758667668,0.0462022811876549
453,0.05452560758667668,0.026194268598935255
454,0.009986454947707002,0.026194268598935255
455,0.003093175726044617,0.026194268598935255
456,0.003093175726044617,0.026194268598935255
457,0.003093175726044617,0.04565677195568896
458,0.003093175726044617,0.04565677195568896
459,0.014220248753475828,0.04565677195568896
460,0.014220248753475828,0.033417329005688834
461,0.04005203819401426,0.024853007857709275
462,0.04005203819401426,0.024853007857709275
463,0.018268026643831647,0.024853007857709275
464,0.018268026643831647,0.024853007857709275
465,0.018268026643831647,0.0969098478219994
466,0.018268026643831647,0.0969098478219994
467,0.02664436219518551,0.09169749020982076
468,0.03509257372812857,0.02235296911565232
469,0.03509257372812857,0.015770952191215715
470,0.026307597009007866,0.015770952191215715
471,0.009080372956890348,0.015770952191215715
472,0.009080372956890348,0.015770952191215715
473,0.0057731489290611115,0.019279363468533983
474,0.0057731489290611115,0.021657121690008774
475,0.0057731489290611115,0.024345373913389867
476,0.0057731489290611115,0.024345373913389867
477,0.010551057394524221,0.02200103010184873
478,0.019714667253772133,0.02200103010184873
479,0.019714667253772133,0.02200103010184873
480,0.013744972807679945,0.02200103010184873
481,0.013744972807679945,0.02412407905248226
482,0.013744972807679945,0.02412407905248226
483,0.013744972807679945,0.015776334683507698
484,0.007331139286250843,0.015776334683507698
485,0.007331139286250843,0.015776334683507698
486,0.007331139286250843,0.015776334683507698
487,0.007331139286250843,0.047557156757526586
488,0.008925224310521007,0.047557156757526586
489,0.008925224310521007,0.045558210875461524
490,0.008925224310521007,0.045558210875461524
491,0.011247546160384148,0.017940956454314927
492,0.011247546160384148,0.017940956454314927
493,0.001891551190056906,0.017940956454314927
494,0.001891551190056906,0.017940956454314927
495,0.001891551190056906,0.012319279606433864
496,0.001891551190056906,0.012319279606433864
497,0.009490193045921913,0.012150717107454079
498,0.009490193045921913,0.010617566598723038
499,0.0015691006275974084,0.010617566598723038
500,0.0013232301088786924,0.010617566598723038
501,0.0013232301088786924,0.010617566598723038
502,0.0013232301088786924,0.018738904297581627
503,0.0013232301088786924,0.01974209952154593
504,0.021672151496828995,0.009331427330999453
505,0.02305096564516418,0.009331427330999453
506,0.02305096564516418,0.009331427330999453
507,0.017838889446210038,0.003557802106834096
508,0.017838889446210038,0.003557802106834096
509,0.016081000149886893,0.003557802106834096
510,0.000953707336537768,0.003557802106834096
511,0.000953707336537768,0.009247456536646603
512,0.000953707336537768,0.013578662608138337
513,0.000953707336537768,0.013578662608138337
514,0.0014032270596934238,0.031852240584660296
515,0.0014032270596934238,0.03361746231396068
516,0.0014032270596934238,0.03379156202848399
517,0.015073278921403643,0.006172554404819786
518,0.015073278921403643,0.006172554404819786
519,0.015073278921403643,0.006172554404819786
520,0.01278722522945519,0.006172554404819786
521,0.0019371955223830284,0.006707109878097084
522,0.0019371955223830284,0.020439885687822845
523,0.0019371955223830284,0.024507674208515073
524,0.0019371955223830284,0.024507674208515073
525,0.0028515916785600837,0.009950992656348134
526,0.0028515916785600837,0.009950992656348134
527,0.00039229414172314847,0.009950992656348134
528,0.00039229414172314847,0.009950992656348134
529,0.00039229414172314847,0.015182475643492066
530,0.00039229414172314847,0.015182475643492066
531,0.003690920208504145,0.015182475643492066
532,0.003690920208504145,0.015765819668361436
533,0.004336839173943119,0.015765819668361436
534,0.008032980054885619,0.0088407616591899
535,0.007906697060088841,0.0088407616591899
536,0.00762916619059395,0.0088407616591899
537,0.001781537203789596,0.005477586041023663
538,0.001781537203789596,0.005477586041023663
539,0.001781537203789596,0.005477586041023663
540,0.001781537203789596,0.005477586041023663
541,0.010806978183107718,0.00614635321848378
542,0.005572150221191063,0.00614635321848378
543,0.005572150221191063,0.00614635321848378
544,0.005572150221191063,0.004853717448234929
545,0.0005075559721623435,0.0012099438883862446
546,0.0005075559721623435,0.0012099438883862446
547,0.0005075559721623435,0.0012099438883862446
548,0.0005075559721623435,0.0012099438883862446
549,0.006482390448320885,0.003955593782889011
550,0.004468767294130704,0.003955593782889011
551,0.001650642116361234,0.002369784110537343
552,0.001650642116361234,0.002369784110537343
553,0.001650642116361234,0.002369784110537343
554,0.001650642116361234,0.002369784110537343
555,0.00015821855213860037,0.0037382671690836533
556,0.00015821855213860037,0.0037382671690836533
557,0.00015821855213860037,0.006176654904749612
558,0.00015821855213860037,0.006176654904749612
559,0.0006392812461332165,0.005277079896564452
560,0.0006392812461332165,0.003999294648130314
561,6.566610540914564e-05,0.003999294648130314
562,6.566610540914564e-05,0.003999294648130314
563,6.566610540914564e-05,0.003999294648130314
564,6.566610540914564e-05,0.0054079401077868905
565,7.064203925244428e-05,0.0054079401077868905
566,7.064203925244428e-05,0.00425406532883521
567,7.064203925244428e-05,0.00425406532883521
568,0.00044960826955831035,0.00425406532883521
569,0.0039026738487099033,0.0023222870484875813
570,0.0037294310411035703,0.0023222870484875813
571,0.0037294310411035703,0.0023222870484875813
572,0.0037294310411035703,0.0023222870484875813
573,0.0037294310411035703,0.002346662145670031
574,0.0043733216566193,0.002346662145670031
575,0.0043733216566193,0.002346662145670031
576,0.0043733216566193,0.0007153282998026977
577,0.0035958892581413604,0.00044206040260497126
578,0.0035958892581413604,0.00044206040260497126
579,0.0035958892581413604,0.00044206040260497126
580,0.00010018621108420778,0.00044206040260497126
581,0.00010018621108420778,0.0009424195433063165
582,0.00010018621108420778,0.0009424195433063165
583,0.00010018621108420778,0.0008306502871181509
584,0.00011219338053980454,0.0008306502871181509
585,0.00011219338053980454,0.00047387763313810893
586,0.00011219338053980454,0.00047387763313810893
587,0.00011219338053980454,0.00047387763313810893
588,0.002534615179779265,0.00047387763313810893
589,0.002534615179779265,0.0037228104413782326
590,0.0022893362799446537,0.0022724668392823943
591,0.0021224250615371476,0.0022724668392823943
592,0.0021224250615371476,0.0022724668392823943
593,0.00046397673893294744,0.0022724668392823943
594,0.00011359374740704808,0.0014818167689593098
595,0.00011359374740704808,0.0014818167689593098
596,0.00011359374740704808,0.0014818167689593098
597,0.00011359374740704808,0.0008103797041897343
598,0.000179361787705834,0.0008103797041897343
599,0.000179361787705834,0.0008103797041897343
600,0.000179361787705834,0.00043567920024378815
601,0.001090533703897334,0.00043567920024378815
602,0.001090533703897334,0.00043567920024378815
603,0.001090533703897334,0.00043567920024378815
604,0.0008518687018138626,0.0006754457309120498
605,0.0008518687018138626,0.0006754457309120498
606,0.0008518687018138626,0.0001942038301808724
607,2.2188833582847955e-05,0.0001942038301808724
608,2.2188833582847955e-05,0.0001942038301808724
609,2.2188833582847955e-05,0.0001942038301808724
610,2.2188833582847955e-05,0.00048376071052547154
611,0.00042705999518888316,0.00048376071052547154
612,0.00042705999518888316,0.00048376071052547154
613,0.00031509784402294905,0.0013368694165548645
614,0.00031509784402294905,0.001990486609167119
615,2.4846372389197846e-05,0.0010015997994518022
616,1.3376711615720183e-05,0.0005361243041632768
617,1.3376711615720183e-05,0.0005361243041632768
618,1.3376711615720183e-05,0.0001903447490950727
619,1.3376711615720183e-05,0.0001903447490950727
620,0.0006326492269539408,0.0001903447490950727
621,0.0006326492269539408,0.0001903447490950727
622,0.0008074655937181374,0.0004157066990910785
623,0.0006382061776686321,0.0004157066990910785
624,0.0006382061776686321,0.0004157066990910785
625,0.0006382061776686321,0.0004157066990910785
626,0.0006382061776686321,0.00021343851339350461
627,0.0010061496914258727,0.00021343851339350461
628,0.0010061496914258727,0.00021343851339350461
629,0.0018475876193959628,0.00021343851339350461
630,3.546771933271575e-05,0.0009011356895992639
631,3.546771933271575e-05,0.0009011356895992639
632,3.546771933271575e-05,0.0003898526369611188
633,3.546771933271575e-05,0.0003898526369611188
634,6.477812641858538e-05,0.0003898526369611188
635,6.477812641858538e-05,0.0003898526369611188
636,0.0003271680399381527,0.00040410849001581983
637,0.0003271680399381527,0.00040410849001581983
638,0.0003271680399381527,0.00040410849001581983
639,0.0003271680399381527,0.0009524955757065356
640,0.00028347847449028407,0.0009524955757065356
641,0.00028347847449028407,0.0009524955757065356
642,0.00028347847449028407,0.000875422350614441
643,0.0002694830138559867,0.000875422350614441
644,0.0002694830138559867,0.000875422350614441
645,0.0002694830138559867,0.0007019423301309891
646,1.9362707183945282e-05,0.00034199051331396113
647,1.9362707183945282e-05,0.00034199051331396113
648,1.9362707183945282e-05,0.00034199051331396113
649,1.9362707183945282e-05,0.00034199051331396113
650,0.0004793347019700356,0.0007913434722864876
651,0.0004793347019700356,0.0007913434722864876
652,0.00022366190591383006,0.00015880828379288836
653,0.00014402994665363433,0.00015880828379288836
654,0.00014402994665363433,0.00015880828379288836
655,0.00014402994665363433,0.00015880828379288836
656,0.00014402994665363433,6.805562840161983e-05
657,0.00016798545482776817,6.805562840161983e-05
658,0.00016798545482776817,6.805562840161983e-05
659,0.00012831845512217832,6.805562840161983e-05
660,0.00012831845512217832,0.00012427353948418762
661,0.00012831845512217832,0.00012427353948418762
662,0.00012831845512217832,0.00012427353948418762
663,1.0800055082915705e-05,0.00012427353948418762
664,1.0800055082915705e-05,0.0006221562208472697
665,1.0800055082915705e-05,0.00022751453966263213
666,1.0800055082915705e-05,0.00022751453966263213
667,0.00013767761231231468,0.00022751453966263213
668,0.00013767761231231468,0.00022751453966263213
669,2.93223255307673e-05,0.0006082783271932346
670,2.93223255307673e-05,9.73152032817115e-05
671,2.324127802988407e-06,9.73152032817115e-05
672,2.324127802988407e-06,9.73152032817115e-05
673,2.324127802988407e-06,9.73152032817115e-05
674,2.324127802988407e-06,7.294530495249862e-05
675,1.2234031153135483e-05,7.294530495249862e-05
676,0.0002723083314705166,7.294530495249862e-05
677,0.0002723083314705166,7.294530495249862e-05
678,2.5538723465001745e-05,7.488887858941862e-05
679,2.5538723465001745e-05,0.0004012675736169147
680,1.5729000480635413e-05,0.0001365699278165211
681,1.5729000480635413e-05,0.00011141841607431591
682,1.5729000480635413e-05,0.00010011103202645089
683,1.5729000480635413e-05,0.00010011103202645089
684,5.7180471369933095e-05,0.00010011103202645089
685,5.7180471369933095e-05,0.00010011103202645089
686,0.00021184225076931185,0.0004115772861275069
687,0.0001710235687428785,0.0004115772861275069
688,4.4291419024622414e-05,0.0004115772861275069
689,2.1870872214391213e-06,0.00045059226532118135
690,2.1870872214391213e-06,0.00045059226532118135
691,2.1870872214391213e-06,0.00029338342349116697
692,2.1870872214391213e-06,5.3936113768915384e-05
693,0.0002734543975384529,5.3936113768915384e-05
694,0.0002734543975384529,5.3936113768915384e-05
695,1.6521119464929512e-05,5.3936113768915384e-05
696,1.6521119464929512e-05,6.039785568856537e-05
697,1.6521119464929512e-05,6.039785568856537e-05
698,1.4366886875172291e-05,6.039785568856537e-05
699,1.4366886875172291e-05,3.721697568470628e-05
700,1.4366886875172291e-05,3.721697568470628e-05
701,1.4366886875172291e-05,3.721697568470628e-05
702,0.00020585799789341053,3.721697568470628e-05
703,0.00020585799789341053,5.664450375875152e-05
704,0.00020585799789341053,5.664450375875152e-05
705,3.500574111581223e-05,5.664450375875152e-05
706,3.500574111581223e-05,6.163354299670853e-05
707,3.500574111581223e-05,6.163354299670853e-05
708,3.500574111581223e-05,6.163354299670853e-05
709,0.00017284350523494307,6.163354299670853e-05
710,0.00017284350523494307,0.00020518520361845205
711,1.461173214722944e-05,0.00020518520361845205
712,1.461173214722944e-05,3.256900098513871e-05
713,1.461173214722944e-05,3.256900098513871e-05
714,1.461173214722944e-05,3.256900098513871e-05
715,7.712110072966016e-05,2.750668844797577e-05
716,7.712110072966016e-05,2.750668844797577e-05
717,7.712110072966016e-05,2.750668844797577e-05
718,3.670913396947029e-05,2.750668844797577e-05
719,3.670913396947029e-05,4.312082810153939e-05
720,3.670913396947029e-05,5.7304119106871276e-05
721,3.670913396947029e-05,6.297695920154389e-05
722,4.1784998855431965e-06,3.13772933303591e-05
723,4.1784998855431965e-06,3.13772933303591e-05
724,4.1784998855431965e-06,3.13772933303591e-05
725,4.1784998855431965e-06,3.13772933303591e-05
726,9.82316685205209e-05,3.8899437953876514e-05
727,9.82316685205209e-05,3.8899437953876514e-05
728,9.450018974832552e-05,0.0001422146769035626
729,9.450018974832552e-05,0.00016425068334202653
730,9.450018974832552e-05,0.00011452728228500408
731,8.622905331889807e-05,0.00011452728228500408
732,8.622905331889807e-05,3.586118107790082e-05
733,8.622905331889807e-05,8.888285713104516e-06
734,8.622905331889807e-05,8.888285713104516e-06
735,9.155211104028282e-05,8.888285713104516e-06
736,9.155211104028282e-05,8.888285713104516e-06
737,9.155211104028282e-05,2.4201042754135038e-05
738,4.292652941995101e-07,2.4201042754135038e-05
739,4.292652941995101e-07,2.4201042754135038e-05
740,4.292652941995101e-07,2.4201042754135038e-05
741,4.292652941995101e-07,1.0474063714349668e-05
742,1.948059552892012e-06,1.0474063714349668e-05
743,1.948059552892012e-06,1.0474063714349668e-05
744,1.948059552892012e-06,1.0474063714349668e-05
745,1.948059552892012e-06,9.152745063789602e-05
746,8.997948675926182e-06,9.152745063789602e-05
747,8.997948675926182e-06,2.1010918621944263e-05
748,8.997948675926182e-06,2.1010918621944263e-05
749,1.558645585997276e-05,2.1010918621944263e-05
750,1.1701142798026254e-06,2.1010918621944263e-05
751,1.1701142798026254e-06,2.572289471469702e-05
752,1.1701142798026254e-06,2.572289471469702e-05
753,1.1701142798026254e-06,2.572289471469702e-05
754,4.219399273464042e-05,2.572289471469702e-05
755,1.0784432687871437e-05,4.094256643816241e-05
756,1.0784432687871437e-05,4.094256643816241e-05
757,3.196765634427834e-07,4.094256643816241e-05
758,3.196765634427834e-07,6.275700811575469e-05
759,3.196765634427834e-07,6.275700811575469e-05
760,3.196765634427834e-07,1.0282821063078984e-05
761,3.977587132664162e-06,5.752091177591012e-06
762,6.189508128162657e-05,5.752091177591012e-06
763,6.189508128162657e-05,5.752091177591012e-06
764,6.189508128162657e-05,5.752091177591012e-06
765,2.705495925625634e-06,2.3036498413619988e-05
766,2.705495925625634e-06,2.3036498413619988e-05
767,2.705495925625634e-06,6.137227457791994e-06
768,2.705495925625634e-06,6.137227457791994e-06
769,1.3321153045975365e-05,6.137227457791994e-06
770,1.3321153045975365e-05,6.137227457791994e-06
771,1.3321153045975365e-05,1.9348138704966544e-05
772,8.726371202305572e-07,1.9348138704966544e-05
773,8.726371202305572e-07,1.9348138704966544e-05
774,8.726371202305572e-07,1.4323010596450914e-05
775,8.726371202305572e-07,1.4323010596450914e-05
776,4.63459693322843e-06,1.4323010596450914e-05
777,4.63459693322843e-06,5.410816029449705e-06
778,4.1134994448466244e-06,5.410816029449705e-06
779,4.1134994448466244e-06,5.410816029449705e-06
780,4.1134994448466244e-06,5.410816029449705e-06
781,4.1134994448466244e-06,6.327713037435068e-06
782,1.6189027951529766e-07,6.327713037435068e-06
783,1.6189027951529766e-07,6.327713037435068e-06
784,1.6189027951529766e-07,6.327713037435068e-06
785,1.6189027951529766e-07,4.078482993885579e-06
786,1.8472603524610776e-07,4.078482993885579e-06
787,1.8472603524610776e-07,4.078482993885579e-06
788,1.8472603524610776e-07,4.078482993885579e-06
789,1.8472603524610776e-07,8.22949763190639e-06
790,2.1873117675430542e-05,8.22949763190639e-06
791,2.1873117675430542e-05,8.22949763190639e-06
792,2.7918727445452873e-05,7.389048505501705e-06
793,2.7918727445452873e-05,7.389048505501705e-06
794,3.5001880305252087e-07,7.389048505501705e-06
795,3.5001880305252087e-07,1.366255636625624e-06
796,3.5001880305252087e-07,1.366255636625624e-06
797,3.5001880305252087e-07,1.366255636625624e-06
798,7.384720335679162e-06,1.366255636625624e-06
799,7.384720335679162e-06,3.7087173900829384e-06
800,7.384720335679162e-06,3.7087173900829384e-06
801,7.384720335679162e-06,3.7087173900829384e-06
802,1.1059892857101516e-06,3.7087173900829384e-06
803,1.1059892857101516e-06,3.85455922702338e-06
804,1.1059892857101516e-06,3.85455922702338e-06
805,1.1059892857101516e-06,2.5047416286616553e-06
806,1.9026682300249398e-05,2.5047416286616553e-06
807,2.1043573889989453e-05,2.5047416286616553e-06
808,1.9849904895119508e-05,2.5047416286616553e-06
809,1.705432284637709e-05,1.7010269451001037e-05
810,1.3750728045103244e-06,1.7010269451001037e-05
811,1.3750728045103244e-06,4.221047361308017e-06
812,1.1247628316501945e-06,4.221047361308017e-06
813,2.5650419088751875e-07,4.221047361308017e-06
814,2.5650419088751875e-07,4.221047361308017e-06
815,2.5650419088751875e-07,1.2334158315585597e-05
816,2.5650419088751875e-07,1.2334158315585597e-05
817,8.218018878625166e-06,1.324550632508803e-06
818,8.218018878625166e-06,1.324550632508803e-06
819,3.971021781401518e-07,1.324550632508803e-06
820,3.971021781401518e-07,1.324550632508803e-06
821,3.971021781401518e-07,1.1555487468117853e-05
822,3.971021781401518e-07,1.4711234103570447e-05
823,9.501856632621042e-07,1.4711234103570447e-05
824,5.312568691628883e-07,1.9246284583829265e-06
825,5.312568691628883e-07,1.8679856146341933e-06
826,5.312568691628883e-07,1.8679856146341933e-06
827,5.312568691628883e-07,1.8679856146341933e-06
828,8.510725813537512e-06,1.8679856146341933e-06
829,6.552442813667625e-06,3.1629826585666265e-06
830,6.552442813667625e-06,3.1629826585666265e-06
831,6.552442813667625e-06,1.0875839859814107e-06
832,4.6294709854510785e-07,1.0875839859814107e-06
833,4.6294709854510785e-07,1.0875839859814107e-06
834,4.6294709854510785e-07,1.0875839859814107e-06
835,2.980232186589049e-07,3.2843607961074994e-06
836,2.980232186589049e-07,3.2843607961074994e-06
837,2.980232186589049e-07,5.865801235405144e-06
838,2.980232186589049e-07,6.089063056657906e-06
839,6.048487860232932e-06,6.089063056657906e-06
840,1.0315390376658407e-05,5.457128193664396e-06
841,1.0315390376658407e-05,5.457128193664396e-06
842,8.384475864375851e-06,5.457128193664396e-06
843,8.384475864375851e-06,5.457128193664396e-06
844,6.653699709424643e-06,8.194988368459555e-06
845,6.653699709424643e-06,8.194988368459555e-06
846,6.653699709424643e-06,8.194988368459555e-06
847,6.653699709424643e-06,6.936800167500756e-06
848,5.36401744244408e-06,6.936800167500756e-06
849,5.36401744244408e-06,4.130621845566118e-06
850,5.36401744244408e-06,2.0943175218501864e-06
851,5.36401744244408e-06,2.0943175218501864e-06
852,1.7035232846573933e-07,2.0943175218501864e-06
853,1.7035232846573933e-07,2.0943175218501864e-06
854,1.7035232846573933e-07,6.022352883938709e-06
855,1.7035232846573933e-07,1.2712129356939883e-06
856,3.0409117770524574e-06,1.2712129356939883e-06
857,3.0409117770524574e-06,1.2712129356939883e-06
858,2.266449697252426e-06,1.2712129356939883e-06
859,2.266449697252426e-06,4.491410344420466e-06
860,2.266449697252426e-06,4.491410344420466e-06
861,2.266449697252426e-06,6.9091527524767216e-06
862,1.7000605856409834e-07,8.1329042284084e-06
863,1.7000605856409834e-07,8.591462648532833e-06
864,1.1859051685103594e-07,8.591462648532833e-06
865,1.1859051685103594e-07,3.738536307418272e-06
866,1.1859051685103594e-07,3.738536307418272e-06
867,1.1859051685103594e-07,3.738536307418272e-06
868,4.55021961554003e-07,3.738536307418272e-06
869,4.55021961554003e-07,3.6795247131404807e-06
870,4.55021961554003e-07,3.6795247131404807e-06
871,4.55021961554003e-07,3.6795247131404807e-06
872,1.8791535821849337e-06,3.054068968832979e-07
873,1.8791535821849337e-06,3.054068968832979e-07
874,3.9798420219394615e-06,3.054068968832979e-07
875,3.9798420219394615e-06,3.054068968832979e-07
876,3.5916716777384394e-06,1.735354459908578e-06
877,3.5916716777384394e-06,1.735354459908578e-06
878,3.5916716777384394e-06,1.735354459908578e-06
879,3.5916716777384394e-06,4.039485543838595e-06
880,3.6362495205999323e-06,2.2971133940563604e-06
881,3.6362495205999323e-06,1.4399184533608889e-07
882,3.6362495205999323e-06,1.4399184533608889e-07
883,1.743489641214957e-06,1.4399184533608889e-07
884,5.857212348470142e-08,1.4399184533608889e-07
885,5.857212348470142e-08,1.0512995559652794e-06
886,5.857212348470142e-08,1.0512995559652794e-06
887,5.857212348470142e-08,1.6612255298031897e-06
888,3.353313146936543e-06,3.0024684696261517e-06
889,3.3757131279177344e-06,3.0024684696261517e-06
890,5.677772193513064e-07,3.0024684696261517e-06
891,5.677772193513064e-07,3.0148768651594438e-06
892,5.677772193513064e-07,3.0148768651594438e-06
893,1.6159458104958446e-08,1.4625223769826334e-06
894,1.6159458104958446e-08,6.449427922827766e-07
895,1.6159458104958446e-08,6.449427922827766e-07
896,1.6159458104958446e-08,2.0541707623777938e-07
897,3.208437027168998e-08,2.0541707623777938e-07
898,3.208437027168998e-08,2.0541707623777938e-07
899,3.208437027168998e-08,2.0541707623777938e-07
900,1.0199980693403887e-06,4.0687006930273384e-07
901,1.0199980693403887e-06,4.0687006930273384e-07
902,1.0199980693403887e-06,4.0687006930273384e-07
903,2.231568338784129e-06,4.0687006930273384e-07
904,1.7870806142683549e-06,2.305863600504665e-06
905,2.9684941282859256e-08,2.305863600504665e-06
906,2.9684941282859256e-08,2.305863600504665e-06
907,2.9684941282859256e-08,3.5112378360402374e-07
908,2.9684941282859256e-08,3.5112378360402374e-07
909,4.187752266071598e-07,3.5112378360402374e-07
910,4.187752266071598e-07,7.679816549366336e-08
911,4.952499865762405e-08,7.679816549366336e-08
912,4.952499865762405e-08,7.679816549366336e-08
913,4.952499865762405e-08,7.679816549366336e-08
914,4.952499865762405e-08,1.758594900813648e-07
915,3.564441261039164e-07,1.758594900813648e-07
916,9.652559904704816e-07,9.810581423908005e-07
917,9.652559904704816e-07,9.810581423908005e-07
918,9.652559904704816e-07,2.137098398802273e-06
919,1.4639067882349366e-06,2.137098398802273e-06
920,1.4639067882349366e-06,4.585815105428992e-07
921,1.324184542794704e-06,4.585815105428992e-07
922,1.324184542794704e-06,4.585815105428992e-07
923,1.324184542794704e-06,4.585815105428992e-07
924,7.203343033168608e-09,1.8673874124797152e-07
925,7.203343033168608e-09,1.8673874124797152e-07
926,7.203343033168608e-09,1.8673874124797152e-07
927,7.203343033168608e-09,1.8673874124797152e-07
928,1.1090342436625988e-06,1.1099580500273376e-06
929,1.1090342436625988e-06,1.1099580500273376e-06
930,1.0465939448423e-07,4.0294142888974704e-07
931,1.0465939448423e-07,4.0294142888974704e-07
932,1.0465939448423e-07,4.0294142888974704e-07
933,6.119094808632042e-08,4.0294142888974704e-07
934,6.119094808632042e-08,9.373149468805408e-07
935,6.119094808632042e-08,9.373149468805408e-07
936,6.119094808632042e-08,9.373149468805408e-07
937,3.487953903480445e-08,1.4141245385790313e-07
938,3.487953903480445e-08,8.066784518145909e-08
939,3.487953903480445e-08,8.066784518145909e-08
940,3.487953903480445e-08,8.066784518145909e-08
941,7.127662338124452e-08,8.066784518145909e-08
942,7.127662338124452e-08,1.0643348169470102e-07
943,7.127662338124452e-08,1.0643348169470102e-07
944,1.342957220984431e-07,2.8573114796426324e-07
945,1.342957220984431e-07,2.8573114796426324e-07
946,1.342957220984431e-07,2.8573114796426324e-07
947,8.647450411292112e-08,2.8573114796426324e-07
948,8.647450411292112e-08,6.021255211097198e-07
949,8.647450411292112e-08,6.021255211097198e-07
950,8.647450411292112e-08,5.718159390433186e-07
951,5.248644902033917e-07,5.718159390433186e-07
952,5.248644902033917e-07,5.718159390433186e-07
953,1.2081829903198837e-07,5.718159390433186e-07
954,1.2081829903198837e-07,2.616549561462733e-07
955,1.2081829903198837e-07,2.616549561462733e-07
956,4.225294358839449e-08,2.616549561462733e-07
957,4.225294358839449e-08,5.417226867088232e-08
958,4.225294358839449e-08,5.417226867088232e-08
959,4.225294358839449e-08,5.417226867088232e-08
960,5.221222620921395e-07,5.417226867088232e-08
961,5.221222620921395e-07,4.447895440851113e-08
962,5.221222620921395e-07,4.447895440851113e-08
963,5.539783389796327e-07,4.447895440851113e-08
964,5.539783389796327e-07,4.447895440851113e-08
965,3.460267827826158e-08,3.2831920904197176e-07
966,3.6539672398916423e-09,3.2831920904197176e-07
967,3.6539672398916423e-09,2.1942740069391675e-08
968,3.6539672398916423e-09,2.1942740069391675e-08
969,3.6539672398916423e-09,2.1942740069391675e-08
970,4.731743841190905e-08,2.1942740069391675e-08
971,4.731743841190905e-08,2.706956658826698e-08
972,3.6708972528387562e-09,2.706956658826698e-08
973,3.6708972528387562e-09,9.020242952573199e-08
974,3.6708972528387562e-09,1.3986030189538923e-07
975,3.6708972528387562e-09,1.0965790075978532e-07
976,3.953064692252539e-07,7.647332267435303e-08
977,3.953064692252539e-07,4.378413454020347e-08
978,9.104915377200484e-09,4.378413454020347e-08
979,9.104915377200484e-09,4.378413454020347e-08
980,9.104915377200484e-09,4.378413454020347e-08
981,9.104915377200484e-09,5.2492373114887414e-08
982,3.0151429020186526e-08,5.2492373114887414e-08
983,3.0151429020186526e-08,1.484799864170938e-07
984,3.0151429020186526e-08,1.484799864170938e-07
985,3.0151429020186526e-08,1.484799864170938e-07
986,1.2108970803836883e-07,1.484799864170938e-07
987,1.2108970803836883e-07,3.319358954367857e-08
988,3.4284234340375974e-09,3.319358954367857e-08
989,3.4284234340375974e-09,3.319358954367857e-08
990,1.8888216546386616e-09,3.319358954367857e-08
991,1.8888216546386616e-09,1.0599543842637615e-07
992,1.8888216546386616e-09,1.0599543842637615e-07
993,1.8888216546386616e-09,2.6247756701458513e-07
994,2.317158598330593e-08,2.6247756701458513e-07
995,2.317158598330593e-08,1.026727186603793e-07
996,2.317158598330593e-08,1.026727186603793e-07
997,1.4089659683413913e-07,4.237159312303618e-08
998,3.1701050118293495e-08,4.237159312303618e-08
999,3.1701050118293495e-08,4.237159312303618e-08
